﻿<?xml version="1.0" encoding="utf-8"?>
<deployment>
  <id>6f7934150eb5aa6d53565133635fad9b2bd15024</id>
  <author>Jamie Dixon</author>
  <deployer>GitHub</deployer>
  <authorEmail>jamie@jamie-dixon.co.uk</authorEmail>
  <message>Changed the port number to use process.env.PORT.</message>
  <progress></progress>
  <status>Success</status>
  <statusText></statusText>
  <lastSuccessEndTime>2014-08-23T18:11:03.6107998Z</lastSuccessEndTime>
  <receivedTime>2014-08-23T18:10:58.730496Z</receivedTime>
  <startTime>2014-08-23T18:10:58.9038464Z</startTime>
  <endTime>2014-08-23T18:11:03.6107998Z</endTime>
  <complete>True</complete>
  <is_temp>False</is_temp>
  <is_readonly>False</is_readonly>
</deployment>