﻿<?xml version="1.0" encoding="utf-8"?>
<deployment>
  <id>78c303ccb69706dc52729605c9420cd667840d21</id>
  <author>Jamie Dixon</author>
  <deployer>GitHub</deployer>
  <authorEmail>jamie@jamie-dixon.co.uk</authorEmail>
  <message>Added deployment file so api gets deployed</message>
  <progress></progress>
  <status>Success</status>
  <statusText></statusText>
  <lastSuccessEndTime>2014-08-23T18:24:50.6634108Z</lastSuccessEndTime>
  <receivedTime>2014-08-23T18:24:21.297728Z</receivedTime>
  <startTime>2014-08-23T18:24:21.4539366Z</startTime>
  <endTime>2014-08-23T18:24:50.6634108Z</endTime>
  <complete>True</complete>
  <is_temp>False</is_temp>
  <is_readonly>False</is_readonly>
</deployment>