﻿<?xml version="1.0" encoding="utf-8"?>
<deployment>
  <id>63f1b73d906702a7be89d0e0d00f0e04ff6c74a7</id>
  <author>Jamie Dixon</author>
  <deployer>GitHub</deployer>
  <authorEmail>jamie@jamie-dixon.co.uk</authorEmail>
  <message>Added IISNode.yml file for logging in Azure</message>
  <progress></progress>
  <status>Success</status>
  <statusText></statusText>
  <lastSuccessEndTime>2014-08-23T18:34:23.0618026Z</lastSuccessEndTime>
  <receivedTime>2014-08-23T18:34:17.2128474Z</receivedTime>
  <startTime>2014-08-23T18:34:17.3690914Z</startTime>
  <endTime>2014-08-23T18:34:23.0618026Z</endTime>
  <complete>True</complete>
  <is_temp>False</is_temp>
  <is_readonly>False</is_readonly>
</deployment>