﻿<?xml version="1.0" encoding="utf-8"?>
<deployment>
  <id>5156bc5d98378fb8ceb4c4194fb6b6effaed6b89</id>
  <author>Jamie Dixon</author>
  <deployer>GitHub</deployer>
  <authorEmail>jamie@jamie-dixon.co.uk</authorEmail>
  <message>renamed server to app again</message>
  <progress></progress>
  <status>Success</status>
  <statusText></statusText>
  <lastSuccessEndTime>2014-08-23T18:56:15.0881483Z</lastSuccessEndTime>
  <receivedTime>2014-08-23T18:55:49.0417086Z</receivedTime>
  <startTime>2014-08-23T18:55:49.1979494Z</startTime>
  <endTime>2014-08-23T18:56:15.0881483Z</endTime>
  <complete>True</complete>
  <is_temp>False</is_temp>
  <is_readonly>False</is_readonly>
</deployment>