﻿<?xml version="1.0" encoding="utf-8"?>
<trace>
  <step title="Startup Request" date="08/23 11:33:21" instance="27b450" url="/sshkey?ensurePublicKey=true" method="GET" type="request" pid="8292,3,10" ScmType="None" elapsed="0" />
  <step title="Incoming Request" date="08/23 11:33:21" instance="27b450" url="/deploy?scmType=GitHub" method="POST" type="request" pid="8292,3,15" Connection="Keep-Alive" Content-Length="916" Content-Type="application/x-www-form-urlencoded" Accept="*/*" Host="cartracker.scm.azurewebsites.net" User-Agent="GitHub-Hookshot/d883a79" X-GitHub-Event="ping" X-GitHub-Delivery="48644ca6-2ab9-11e4-848b-ac1d42ee096d" X-SITE-DEPLOYMENT-ID="cartracker" elapsed="211">
    <step title="FetchHandler" date="08/23 11:33:21" instance="27b450" elapsed="160" />
    <step title="Outgoing response" date="08/23 11:33:21" instance="27b450" type="response" statusCode="200" statusText="OK" Server="Microsoft-IIS/8.0" Cache-Control="private" X-AspNet-Version="4.0.30319" elapsed="0" />
  </step>
  <step title="Incoming Request" date="08/23 11:33:21" instance="27b450" url="/api/settings/" method="POST" type="request" pid="8292,3,11" Connection="Keep-Alive" Content-Length="19" Content-Type="application/json; charset=utf-8" Accept="application/json" Accept-Language="en-US" Expect="100-continue" Host="cartracker.scm.azurewebsites.net" User-Agent="Azure-Portal/4.9.00298.4" x-ms-client-request-id="3243c419-ea6c-4204-bdaa-81460311de07-2014-08-23 11:33:18Z" x-ms-client-session-id="19c87d68-60bf-467c-a552-c33885bc1021" X-SITE-DEPLOYMENT-ID="cartracker" elapsed="795">
    <step title="Outgoing response" date="08/23 11:33:22" instance="27b450" type="response" statusCode="204" statusText="No Content" Server="Microsoft-IIS/8.0" Cache-Control="private" X-AspNet-Version="4.0.30319" elapsed="0" />
  </step>
  <step title="Incoming Request" date="08/23 11:33:21" instance="27b450" url="/sshkey?ensurePublicKey=true" method="GET" type="request" pid="8292,3,10" Connection="Keep-Alive" Accept="application/json" Accept-Language="en-US" Host="cartracker.scm.azurewebsites.net" User-Agent="Azure-Portal/4.9.00298.4" x-ms-client-request-id="3243c419-ea6c-4204-bdaa-81460311de07-2014-08-23 11:33:18Z" x-ms-client-session-id="19c87d68-60bf-467c-a552-c33885bc1021" X-SITE-DEPLOYMENT-ID="cartracker" elapsed="1598">
    <step title="SSHKeyController.GetPublicKey" date="08/23 11:33:21" instance="27b450" elapsed="887">
      <step title="SSHKeyManager.GetKey" date="08/23 11:33:21" instance="27b450" elapsed="865">
        <step title="Creating key pair." date="08/23 11:33:21" instance="27b450" elapsed="0" />
        <step title="SSHKeyManager.CreateKey" date="08/23 11:33:21" instance="27b450" elapsed="864" />
      </step>
    </step>
    <step title="Outgoing response" date="08/23 11:33:22" instance="27b450" type="response" statusCode="200" statusText="OK" Server="Microsoft-IIS/8.0" Cache-Control="private" X-AspNet-Version="4.0.30319" Content-Type="application/json; charset=utf-8" elapsed="0" />
  </step>
  <step title="Incoming Request" date="08/23 11:33:23" instance="27b450" url="/api/settings/ScmType" method="GET" type="request" pid="8292,3,17" Connection="Keep-Alive" Accept="application/json" Accept-Language="en-US" Host="cartracker.scm.azurewebsites.net" User-Agent="Azure-Portal/4.9.00298.4" x-ms-client-request-id="3243c419-ea6c-4204-bdaa-81460311de07-2014-08-23 11:33:18Z" x-ms-client-session-id="19c87d68-60bf-467c-a552-c33885bc1021" X-SITE-DEPLOYMENT-ID="cartracker" elapsed="6">
    <step title="Outgoing response" date="08/23 11:33:23" instance="27b450" type="response" statusCode="200" statusText="OK" Server="Microsoft-IIS/8.0" Cache-Control="private" X-AspNet-Version="4.0.30319" Content-Type="application/json; charset=utf-8" elapsed="0" />
  </step>
  <step title="Process Shutdown" date="08/23 11:33:26" instance="27b450" pid="8292,3,11" uptime="00:00:04.8620713" lastrequesttime="00:00:02.4090503" elapsed="0" />
  <step title="Startup Request" date="08/23 11:33:28" instance="27b450" url="/api/deployments/?$orderby=ReceivedTime%20desc&amp;$top=20" method="GET" type="request" pid="3000,2,8" ScmType="GitHub" elapsed="0" />
  <step title="Incoming Request" date="08/23 11:33:28" instance="27b450" url="/api/settings/ScmType" method="GET" type="request" pid="3000,2,7" Connection="Keep-Alive" Accept="application/json" Host="cartracker.scm.azurewebsites.net" User-Agent="Azure-Portal/4.9.00298.4" X-SITE-DEPLOYMENT-ID="cartracker" elapsed="425">
    <step title="Outgoing response" date="08/23 11:33:29" instance="27b450" type="response" statusCode="200" statusText="OK" Server="Microsoft-IIS/8.0" Cache-Control="private" X-AspNet-Version="4.0.30319" Content-Type="application/json; charset=utf-8" elapsed="0" />
  </step>
  <step title="Incoming Request" date="08/23 11:33:28" instance="27b450" url="/api/deployments/?$orderby=ReceivedTime%20desc&amp;$top=20" method="GET" type="request" pid="3000,2,8" Connection="Keep-Alive" Accept="application/json" Accept-Language="en-US" Host="cartracker.scm.azurewebsites.net" User-Agent="Azure-Portal/4.9.00298.4" x-ms-client-request-id="7542ccea-383d-4d9a-83b2-478da875e2c0-2014-08-23 11:33:24Z" x-ms-client-session-id="19c87d68-60bf-467c-a552-c33885bc1021" X-SITE-DEPLOYMENT-ID="cartracker" elapsed="413">
    <step title="DeploymentService.GetDeployResults" date="08/23 11:33:29" instance="27b450" elapsed="44">
      <step title="DeploymentManager.GetResults" date="08/23 11:33:29" instance="27b450" elapsed="29" />
    </step>
    <step title="Outgoing response" date="08/23 11:33:29" instance="27b450" type="response" statusCode="200" statusText="OK" Server="Microsoft-IIS/8.0" ETag="&quot;ffffffffa29fcb85&quot;" Cache-Control="private" X-AspNet-Version="4.0.30319" Content-Type="application/json; charset=utf-8" elapsed="0" />
  </step>
  <step title="Incoming Request" date="08/23 11:33:34" instance="27b450" url="/api/deployments/?$orderby=ReceivedTime%20desc&amp;$top=20" method="GET" type="request" pid="3000,2,14" Connection="Keep-Alive" Accept="application/json" Accept-Language="en-US" Host="cartracker.scm.azurewebsites.net" If-None-Match="&quot;ffffffffa29fcb85&quot;" User-Agent="Azure-Portal/4.9.00298.4" x-ms-client-request-id="ef5bf8d9-a431-4b5b-903f-f1a6c43a6c4d-2014-08-23 11:33:34Z" x-ms-client-session-id="19c87d68-60bf-467c-a552-c33885bc1021" X-SITE-DEPLOYMENT-ID="cartracker" elapsed="433">
    <step title="DeploymentService.GetDeployResults" date="08/23 11:33:35" instance="27b450" elapsed="113">
      <step title="DeploymentManager.GetResults" date="08/23 11:33:35" instance="27b450" elapsed="112">
        <step title="Purge deployment items" date="08/23 11:33:35" instance="27b450" elapsed="52">
          <step title="Remove temp-5211, Pending, received at 8/23/2014 11:33:30 AM" date="08/23 11:33:35" instance="27b450" elapsed="0" />
        </step>
      </step>
    </step>
    <step title="Outgoing response" date="08/23 11:33:35" instance="27b450" type="response" statusCode="200" statusText="OK" Server="Microsoft-IIS/8.0" ETag="&quot;f72e73229700c454&quot;" Cache-Control="private" X-AspNet-Version="4.0.30319" Content-Type="application/json; charset=utf-8" elapsed="0" />
  </step>
  <step title="Incoming Request" date="08/23 11:33:35" instance="27b450" url="/api/deployments/?$orderby=ReceivedTime%20desc&amp;$top=20&amp;$filter=LastSuccessEndTime%20ne%20null" method="GET" type="request" pid="3000,2,11" Connection="Keep-Alive" Accept="application/json" Accept-Language="en-US" Host="cartracker.scm.azurewebsites.net" User-Agent="Azure-Portal/4.9.00298.4" x-ms-client-request-id="ef5bf8d9-a431-4b5b-903f-f1a6c43a6c4d-2014-08-23 11:33:34Z" x-ms-client-session-id="19c87d68-60bf-467c-a552-c33885bc1021" X-SITE-DEPLOYMENT-ID="cartracker" elapsed="337">
    <step title="DeploymentService.GetDeployResults" date="08/23 11:33:36" instance="27b450" elapsed="53">
      <step title="DeploymentManager.GetResults" date="08/23 11:33:36" instance="27b450" elapsed="53" />
    </step>
    <step title="Outgoing response" date="08/23 11:33:36" instance="27b450" type="response" statusCode="200" statusText="OK" Server="Microsoft-IIS/8.0" ETag="&quot;f72e73229d221568&quot;" Cache-Control="private" X-AspNet-Version="4.0.30319" Content-Type="application/json; charset=utf-8" elapsed="0" />
  </step>
  <step title="Incoming Request" date="08/23 11:33:41" instance="27b450" url="/api/deployments/?$orderby=ReceivedTime%20desc&amp;$top=20" method="GET" type="request" pid="3000,2,14" Connection="Keep-Alive" Accept="application/json" Accept-Language="en-US" Host="cartracker.scm.azurewebsites.net" If-None-Match="&quot;f72e73229700c454&quot;" User-Agent="Azure-Portal/4.9.00298.4" x-ms-client-request-id="f0423420-fcc7-42a0-b60d-9d6407430f75-2014-08-23 11:33:41Z" x-ms-client-session-id="19c87d68-60bf-467c-a552-c33885bc1021" X-SITE-DEPLOYMENT-ID="cartracker" elapsed="69">
    <step title="DeploymentService.GetDeployResults" date="08/23 11:33:41" instance="27b450" elapsed="42">
      <step title="DeploymentManager.GetResults" date="08/23 11:33:41" instance="27b450" elapsed="42" />
    </step>
    <step title="Outgoing response" date="08/23 11:33:41" instance="27b450" type="response" statusCode="200" statusText="OK" Server="Microsoft-IIS/8.0" ETag="&quot;f72e7322948988d6&quot;" Cache-Control="private" X-AspNet-Version="4.0.30319" Content-Type="application/json; charset=utf-8" elapsed="0" />
  </step>
  <step title="Incoming Request" date="08/23 11:33:42" instance="27b450" url="/api/deployments/?$orderby=ReceivedTime%20desc&amp;$top=20&amp;$filter=LastSuccessEndTime%20ne%20null" method="GET" type="request" pid="3000,2,14" Connection="Keep-Alive" Accept="application/json" Accept-Language="en-US" Host="cartracker.scm.azurewebsites.net" User-Agent="Azure-Portal/4.9.00298.4" x-ms-client-request-id="f0423420-fcc7-42a0-b60d-9d6407430f75-2014-08-23 11:33:41Z" x-ms-client-session-id="19c87d68-60bf-467c-a552-c33885bc1021" X-SITE-DEPLOYMENT-ID="cartracker" elapsed="73">
    <step title="DeploymentService.GetDeployResults" date="08/23 11:33:42" instance="27b450" elapsed="50">
      <step title="DeploymentManager.GetResults" date="08/23 11:33:42" instance="27b450" elapsed="50" />
    </step>
    <step title="Outgoing response" date="08/23 11:33:42" instance="27b450" type="response" statusCode="200" statusText="OK" Server="Microsoft-IIS/8.0" ETag="&quot;f72e73229d221568&quot;" Cache-Control="private" X-AspNet-Version="4.0.30319" Content-Type="application/json; charset=utf-8" elapsed="0" />
  </step>
  <step title="Incoming Request" date="08/23 11:33:29" instance="27b450" url="/deploy?scmType=GitHub" method="POST" type="request" pid="3000,2,10" Connection="Keep-Alive" Content-Length="79" Content-Type="application/json; charset=utf-8" Accept="application/json" Expect="100-continue" Host="cartracker.scm.azurewebsites.net" User-Agent="Azure-Portal/4.9.00298.4" X-SITE-DEPLOYMENT-ID="cartracker" elapsed="69809">
    <step title="FetchHandler" date="08/23 11:33:30" instance="27b450" elapsed="69744">
      <step title="Attempting to fetch target branch master" date="08/23 11:33:30" instance="27b450" elapsed="0" />
      <step title="Performing fetch based deployment" date="08/23 11:33:30" instance="27b450" elapsed="69630">
        <step title="Creating temporary deployment" date="08/23 11:33:30" instance="27b450" elapsed="33" />
        <step title="GitExeRepository.Initialize" date="08/23 11:33:30" instance="27b450" elapsed="903">
          <step title="Executing external process" date="08/23 11:33:30" instance="27b450" type="process" path="git.exe" arguments="init" elapsed="441" />
          <step title="Executing external process" date="08/23 11:33:30" instance="27b450" type="process" path="git.exe" arguments="config core.autocrlf true" elapsed="78" />
          <step title="Executing external process" date="08/23 11:33:30" instance="27b450" type="process" path="git.exe" arguments="config core.preloadindex true" elapsed="76" />
          <step title="Executing external process" date="08/23 11:33:30" instance="27b450" type="process" path="git.exe" arguments="config user.name &quot;windowsazure&quot;" elapsed="70" />
          <step title="Executing external process" date="08/23 11:33:30" instance="27b450" type="process" path="git.exe" arguments="config user.email &quot;windowsazure&quot;" elapsed="67" />
          <step title="Configure git server" date="08/23 11:33:31" instance="27b450" elapsed="68">
            <step title="Executing external process" date="08/23 11:33:31" instance="27b450" type="process" path="git.exe" arguments="config receive.denyCurrentBranch ignore" elapsed="67" />
          </step>
          <step title="Create deny users for .git folder" date="08/23 11:33:31" instance="27b450" elapsed="4" />
          <step title="Configure git-credential" date="08/23 11:33:31" instance="27b450" elapsed="79">
            <step title="Executing external process" date="08/23 11:33:31" instance="27b450" type="process" path="git.exe" arguments="config credential.helper &quot;!'D:\home\site\repository\.git\hooks\git-credential-invalid.sh'&quot;" elapsed="74" />
          </step>
          <step title="Setup post receive hook" date="08/23 11:33:31" instance="27b450" elapsed="4" />
        </step>
        <step title="Executing external process" date="08/23 11:33:31" instance="27b450" type="process" path="git.exe" arguments="remote add -t master external &quot;git@github.com:JamieDixon/CarTracker.git&quot;" elapsed="116" />
        <step title="Executing external process" date="08/23 11:33:31" instance="27b450" type="process" path="git.exe" arguments="branch" elapsed="41" />
        <step title="Executing external process" date="08/23 11:33:31" instance="27b450" type="process" path="git.exe" arguments="fetch external --progress" elapsed="2909" />
        <step title="Executing external process" date="08/23 11:33:34" instance="27b450" type="process" path="git.exe" arguments="update-ref refs/heads/master external/master" elapsed="70" />
        <step title="Executing external process" date="08/23 11:33:34" instance="27b450" type="process" path="git.exe" arguments="checkout master --force" elapsed="369" />
        <step title="Executing external process" date="08/23 11:33:34" instance="27b450" type="process" path="git.exe" arguments="remote rm external" elapsed="150" />
        <step title="Executing external process" date="08/23 11:33:34" instance="27b450" type="process" path="git.exe" arguments="log -n 1 master --" elapsed="51" />
        <step title="DeploymentManager.Deploy(id)" date="08/23 11:33:34" instance="27b450" elapsed="64757">
          <step title="Collecting changeset information" date="08/23 11:33:34" instance="27b450" elapsed="38" />
          <step title="Updating submodules" date="08/23 11:33:34" instance="27b450" elapsed="50" />
          <step title="Determining deployment builder" date="08/23 11:33:35" instance="27b450" elapsed="52">
            <step title="Executing external process" date="08/23 11:33:35" instance="27b450" type="process" path="git.exe" arguments="ls-files *.csproj *.vbproj *.fsproj *.sln" elapsed="36" />
            <step title="Builder is NodeSiteBuilder" date="08/23 11:33:35" instance="27b450" elapsed="0" />
          </step>
          <step title="Copying SSH keys" date="08/23 11:33:35" instance="27b450" elapsed="21" />
          <step title="Building" date="08/23 11:33:35" instance="27b450" elapsed="64456">
            <step title="Generating deployment script" date="08/23 11:33:35" instance="27b450" elapsed="285">
              <step title="Executing external process" date="08/23 11:33:35" instance="27b450" type="process" path="starter.cmd" arguments="&quot;D:\Program Files (x86)\SiteExtensions\Kudu\28.30822.1100\bin\node_modules\.bin\kuduscript.cmd&quot; -y --no-dot-deployment -r &quot;D:\home\site\repository&quot; -o &quot;D:\home\site\deployments\tools&quot; --node --sitePath &quot;D:\home\site\repository&quot;" elapsed="211" />
              <step title="Saved cached version of the deployment script for command -y --no-dot-deployment -r &quot;D:\home\site\repository&quot; -o &quot;D:\home\site\deployments\tools&quot; --node --sitePath &quot;D:\home\site\repository&quot;" date="08/23 11:33:35" instance="27b450" elapsed="0" />
            </step>
            <step title="Executing external process" date="08/23 11:33:35" instance="27b450" type="process" path="starter.cmd" arguments="&quot;D:\home\site\deployments\tools\deploy.cmd&quot;" elapsed="63526" />
          </step>
        </step>
        <step title="Cleaning up temp files" date="08/23 11:34:39" instance="27b450" elapsed="1" />
        <step title="WebHooksManager.PublishEventAsync: PostDeployment" date="08/23 11:34:39" instance="27b450" elapsed="48" />
        <step title="Site Extension Log" date="08/23 11:34:39" instance="27b450" elapsed="19">
          <step title="{&quot;SiteExtension&quot;:&quot;Kudu&quot;,&quot;EventDate&quot;:&quot;2014-08-23T11:34:39.7550861Z&quot;,&quot;EventName&quot;:&quot;SiteDeployed&quot;,&quot;SiteType&quot;:&quot;NODE.JS&quot;,&quot;ScmType&quot;:&quot;GitHub&quot;,&quot;Result&quot;:&quot;Success&quot;,&quot;Error&quot;:null,&quot;Latency&quot;:64826,&quot;SiteMode&quot;:&quot;Free&quot;}" date="08/23 11:34:39" instance="27b450" elapsed="0" />
        </step>
      </step>
    </step>
    <step title="Outgoing response" date="08/23 11:34:39" instance="27b450" type="response" statusCode="200" statusText="OK" Server="Microsoft-IIS/8.0" Cache-Control="private" X-AspNet-Version="4.0.30319" elapsed="0" />
  </step>
  <step title="Incoming Request" date="08/23 11:34:41" instance="27b450" url="/api/deployments/?$orderby=ReceivedTime%20desc&amp;$top=20" method="GET" type="request" pid="3000,2,12" Connection="Keep-Alive" Accept="application/json" Accept-Language="en-US" Host="cartracker.scm.azurewebsites.net" If-None-Match="&quot;f72e7322948988d6&quot;" User-Agent="Azure-Portal/4.9.00298.4" x-ms-client-request-id="d22be291-232d-4d7c-8b61-632e2dcd17d4-2014-08-23 11:34:40Z" x-ms-client-session-id="19c87d68-60bf-467c-a552-c33885bc1021" X-SITE-DEPLOYMENT-ID="cartracker" elapsed="148">
    <step title="DeploymentService.GetDeployResults" date="08/23 11:34:41" instance="27b450" elapsed="107">
      <step title="DeploymentManager.GetResults" date="08/23 11:34:41" instance="27b450" elapsed="107" />
    </step>
    <step title="Outgoing response" date="08/23 11:34:41" instance="27b450" type="response" statusCode="200" statusText="OK" Server="Microsoft-IIS/8.0" ETag="&quot;f72e7322feb6261f&quot;" Cache-Control="private" X-AspNet-Version="4.0.30319" Content-Type="application/json; charset=utf-8" elapsed="0" />
  </step>
  <step title="Incoming Request" date="08/23 11:35:26" instance="27b450" url="/api/continuousjobs/" method="GET" type="request" pid="3000,2,31" Connection="Keep-Alive" Accept="application/json" Accept-Language="en-US" Host="cartracker.scm.azurewebsites.net" User-Agent="Azure-Portal/4.9.00298.4" x-ms-client-request-id="b6323e03-2b0d-47f6-bdfa-32b46f0a376e-2014-08-23 11:35:24Z" x-ms-client-session-id="19c87d68-60bf-467c-a552-c33885bc1021" X-SITE-DEPLOYMENT-ID="cartracker" elapsed="45">
    <step title="Outgoing response" date="08/23 11:35:26" instance="27b450" type="response" statusCode="200" statusText="OK" Server="Microsoft-IIS/8.0" ETag="&quot;11&quot;" Cache-Control="private" X-AspNet-Version="4.0.30319" Content-Type="application/json; charset=utf-8" elapsed="0" />
  </step>
  <step title="Incoming Request" date="08/23 11:35:29" instance="27b450" url="/api/deployments/?$orderby=ReceivedTime%20desc&amp;$top=20" method="GET" type="request" pid="3000,2,27" Connection="Keep-Alive" Accept="application/json" Accept-Language="en-US" Host="cartracker.scm.azurewebsites.net" User-Agent="Azure-Portal/4.9.00298.4" x-ms-client-request-id="2ceea93a-a894-4a62-aebc-1f19aba95cea-2014-08-23 11:35:28Z" x-ms-client-session-id="19c87d68-60bf-467c-a552-c33885bc1021" X-SITE-DEPLOYMENT-ID="cartracker" elapsed="77">
    <step title="DeploymentService.GetDeployResults" date="08/23 11:35:29" instance="27b450" elapsed="53">
      <step title="DeploymentManager.GetResults" date="08/23 11:35:29" instance="27b450" elapsed="53" />
    </step>
    <step title="Outgoing response" date="08/23 11:35:29" instance="27b450" type="response" statusCode="200" statusText="OK" Server="Microsoft-IIS/8.0" ETag="&quot;f72e7322feb6261f&quot;" Cache-Control="private" X-AspNet-Version="4.0.30319" Content-Type="application/json; charset=utf-8" elapsed="0" />
  </step>
  <step title="Incoming Request" date="08/23 11:36:27" instance="27b450" url="/api/deployments/?$orderby=ReceivedTime%20desc&amp;$top=20" method="GET" type="request" pid="3000,2,8" Connection="Keep-Alive" Accept="application/json" Accept-Language="en-US" Host="cartracker.scm.azurewebsites.net" User-Agent="Azure-Portal/4.9.00298.4" x-ms-client-request-id="39be1bc6-d6b3-4ea0-87f9-665648535ee7-2014-08-23 11:36:24Z" x-ms-client-session-id="19c87d68-60bf-467c-a552-c33885bc1021" X-SITE-DEPLOYMENT-ID="cartracker" elapsed="91">
    <step title="DeploymentService.GetDeployResults" date="08/23 11:36:27" instance="27b450" elapsed="62">
      <step title="DeploymentManager.GetResults" date="08/23 11:36:27" instance="27b450" elapsed="62" />
    </step>
    <step title="Outgoing response" date="08/23 11:36:27" instance="27b450" type="response" statusCode="200" statusText="OK" Server="Microsoft-IIS/8.0" ETag="&quot;f72e7322feb6261f&quot;" Cache-Control="private" X-AspNet-Version="4.0.30319" Content-Type="application/json; charset=utf-8" elapsed="0" />
  </step>
  <step title="Incoming Request" date="08/23 11:37:38" instance="27b450" url="/api/settings/branch" method="GET" type="request" pid="3000,2,18" Connection="Keep-Alive" Accept="application/json" Accept-Language="en-US" Host="cartracker.scm.azurewebsites.net" User-Agent="Azure-Portal/4.9.00298.4" x-ms-client-request-id="d747d5ea-6f0a-4aa1-9923-871ea02c349b-2014-08-23 11:37:38Z" x-ms-client-session-id="19c87d68-60bf-467c-a552-c33885bc1021" X-SITE-DEPLOYMENT-ID="cartracker" elapsed="4">
    <step title="Outgoing response" date="08/23 11:37:38" instance="27b450" type="response" statusCode="200" statusText="OK" Server="Microsoft-IIS/8.0" Cache-Control="private" X-AspNet-Version="4.0.30319" Content-Type="application/json; charset=utf-8" elapsed="0" />
  </step>
  <step title="Incoming Request" date="08/23 11:37:38" instance="27b450" url="/api/diagnostics/settings" method="GET" type="request" pid="3000,2,41" Connection="Keep-Alive" Accept="application/json" Accept-Language="en-US" Host="cartracker.scm.azurewebsites.net" User-Agent="Azure-Portal/4.9.00298.4" x-ms-client-request-id="a7945770-303d-4fbf-9aff-e6c8e6e97a5e-2014-08-23 11:37:38Z" x-ms-client-session-id="19c87d68-60bf-467c-a552-c33885bc1021" X-SITE-DEPLOYMENT-ID="cartracker" elapsed="34">
    <step title="Outgoing response" date="08/23 11:37:38" instance="27b450" type="response" statusCode="200" statusText="OK" Server="Microsoft-IIS/8.0" Cache-Control="private" X-AspNet-Version="4.0.30319" Content-Type="application/json; charset=utf-8" elapsed="0" />
  </step>
  <step title="Incoming Request" date="08/23 11:37:41" instance="27b450" url="/api/deployments/?$orderby=ReceivedTime%20desc&amp;$top=20" method="GET" type="request" pid="3000,2,44" Connection="Keep-Alive" Accept="application/json" Accept-Language="en-US" Host="cartracker.scm.azurewebsites.net" User-Agent="Azure-Portal/4.9.00298.4" x-ms-client-request-id="aea4f9d6-d916-4d3a-919f-01dbb9f8010d-2014-08-23 11:37:40Z" x-ms-client-session-id="19c87d68-60bf-467c-a552-c33885bc1021" X-SITE-DEPLOYMENT-ID="cartracker" elapsed="118">
    <step title="DeploymentService.GetDeployResults" date="08/23 11:37:41" instance="27b450" elapsed="75">
      <step title="DeploymentManager.GetResults" date="08/23 11:37:41" instance="27b450" elapsed="74" />
    </step>
    <step title="Outgoing response" date="08/23 11:37:41" instance="27b450" type="response" statusCode="200" statusText="OK" Server="Microsoft-IIS/8.0" ETag="&quot;f72e7322feb6261f&quot;" Cache-Control="private" X-AspNet-Version="4.0.30319" Content-Type="application/json; charset=utf-8" elapsed="0" />
  </step>
  <step title="Incoming Request" date="08/23 11:41:12" instance="27b450" url="/api/continuousjobs/" method="GET" type="request" pid="3000,2,50" Connection="Keep-Alive" Accept="application/json" Accept-Language="en-US" Host="cartracker.scm.azurewebsites.net" User-Agent="Azure-Portal/4.9.00298.4" x-ms-client-request-id="2ab0dd2a-5ffa-4e74-aeb7-dc7815c6eaf9-2014-08-23 11:41:10Z" x-ms-client-session-id="19c87d68-60bf-467c-a552-c33885bc1021" X-SITE-DEPLOYMENT-ID="cartracker" elapsed="9">
    <step title="Outgoing response" date="08/23 11:41:12" instance="27b450" type="response" statusCode="200" statusText="OK" Server="Microsoft-IIS/8.0" ETag="&quot;11&quot;" Cache-Control="private" X-AspNet-Version="4.0.30319" Content-Type="application/json; charset=utf-8" elapsed="0" />
  </step>
  <step title="Incoming Request" date="08/23 11:41:36" instance="27b450" url="/api/settings/branch" method="GET" type="request" pid="3000,2,46" Connection="Keep-Alive" Accept="application/json" Accept-Language="en-US" Host="cartracker.scm.azurewebsites.net" User-Agent="Azure-Portal/4.9.00298.4" x-ms-client-request-id="33d69757-3716-4089-8949-0daa269d06de-2014-08-23 11:41:35Z" x-ms-client-session-id="19c87d68-60bf-467c-a552-c33885bc1021" X-SITE-DEPLOYMENT-ID="cartracker" elapsed="11">
    <step title="Outgoing response" date="08/23 11:41:36" instance="27b450" type="response" statusCode="200" statusText="OK" Server="Microsoft-IIS/8.0" Cache-Control="private" X-AspNet-Version="4.0.30319" Content-Type="application/json; charset=utf-8" elapsed="0" />
  </step>
  <step title="Incoming Request" date="08/23 11:41:36" instance="27b450" url="/api/diagnostics/settings" method="GET" type="request" pid="3000,2,45" Connection="Keep-Alive" Accept="application/json" Accept-Language="en-US" Host="cartracker.scm.azurewebsites.net" User-Agent="Azure-Portal/4.9.00298.4" x-ms-client-request-id="600206df-e774-4835-8fc8-b9b0a75c072b-2014-08-23 11:41:35Z" x-ms-client-session-id="19c87d68-60bf-467c-a552-c33885bc1021" X-SITE-DEPLOYMENT-ID="cartracker" elapsed="13">
    <step title="Outgoing response" date="08/23 11:41:36" instance="27b450" type="response" statusCode="200" statusText="OK" Server="Microsoft-IIS/8.0" Cache-Control="private" X-AspNet-Version="4.0.30319" Content-Type="application/json; charset=utf-8" elapsed="0" />
  </step>
  <step title="Incoming Request" date="08/23 11:41:40" instance="27b450" url="/api/deployments/?$orderby=ReceivedTime%20desc&amp;$top=20" method="GET" type="request" pid="3000,2,51" Connection="Keep-Alive" Accept="application/json" Accept-Language="en-US" Host="cartracker.scm.azurewebsites.net" User-Agent="Azure-Portal/4.9.00298.4" x-ms-client-request-id="b2754a08-d45f-4f0f-b1af-9c52064431ab-2014-08-23 11:41:39Z" x-ms-client-session-id="19c87d68-60bf-467c-a552-c33885bc1021" X-SITE-DEPLOYMENT-ID="cartracker" elapsed="104">
    <step title="DeploymentService.GetDeployResults" date="08/23 11:41:40" instance="27b450" elapsed="61">
      <step title="DeploymentManager.GetResults" date="08/23 11:41:40" instance="27b450" elapsed="61" />
    </step>
    <step title="Outgoing response" date="08/23 11:41:40" instance="27b450" type="response" statusCode="200" statusText="OK" Server="Microsoft-IIS/8.0" ETag="&quot;f72e7322feb6261f&quot;" Cache-Control="private" X-AspNet-Version="4.0.30319" Content-Type="application/json; charset=utf-8" elapsed="0" />
  </step>
  <step title="Incoming Request" date="08/23 11:41:45" instance="27b450" url="/api/deployments/e58e164be1c0523937980af6ee15ca30ff444c75/log" method="GET" type="request" pid="3000,2,50" Connection="Keep-Alive" Accept="application/json" Accept-Language="en-US" Host="cartracker.scm.azurewebsites.net" User-Agent="Azure-Portal/4.9.00298.4" x-ms-client-request-id="31a127b0-4b47-4462-9abf-53f38d1af7e5-2014-08-23 11:41:44Z" x-ms-client-session-id="19c87d68-60bf-467c-a552-c33885bc1021" X-SITE-DEPLOYMENT-ID="cartracker" elapsed="101">
    <step title="DeploymentService.GetLogEntry" date="08/23 11:41:45" instance="27b450" elapsed="79">
      <step title="DeploymentManager.GetLogEntries(id)" date="08/23 11:41:45" instance="27b450" elapsed="78" />
    </step>
    <step title="Outgoing response" date="08/23 11:41:45" instance="27b450" type="response" statusCode="200" statusText="OK" Server="Microsoft-IIS/8.0" Cache-Control="private" X-AspNet-Version="4.0.30319" Content-Type="application/json; charset=utf-8" elapsed="0" />
  </step>
  <step title="Incoming Request" date="08/23 11:48:37" instance="27b450" url="/api/deployments/?$orderby=ReceivedTime%20desc&amp;$top=20" method="GET" type="request" pid="3000,2,10" Connection="Keep-Alive" Accept="application/json" Accept-Language="en-US" Host="cartracker.scm.azurewebsites.net" User-Agent="Azure-Portal/4.9.00298.4" x-ms-client-request-id="a0834cf6-821a-4079-ad2d-4634bb424fa2-2014-08-23 11:48:36Z" x-ms-client-session-id="19c87d68-60bf-467c-a552-c33885bc1021" X-SITE-DEPLOYMENT-ID="cartracker" elapsed="340">
    <step title="DeploymentService.GetDeployResults" date="08/23 11:48:37" instance="27b450" elapsed="285">
      <step title="DeploymentManager.GetResults" date="08/23 11:48:37" instance="27b450" elapsed="285" />
    </step>
    <step title="Outgoing response" date="08/23 11:48:37" instance="27b450" type="response" statusCode="200" statusText="OK" Server="Microsoft-IIS/8.0" ETag="&quot;f72e7322feb6261f&quot;" Cache-Control="private" X-AspNet-Version="4.0.30319" Content-Type="application/json; charset=utf-8" elapsed="0" />
  </step>
  <step title="Process Shutdown" date="08/23 12:10:28" instance="27b450" pid="3000,2,84" uptime="00:36:59.7538618" lastrequesttime="00:21:51.4044779" elapsed="0" />
  <step title="Startup Request" date="08/23 17:49:06" instance="27b450" url="/deploy?scmType=GitHub" method="POST" type="request" pid="2660,2,7" ScmType="GitHub" elapsed="0" />
  <step title="Incoming Request" date="08/23 17:49:06" instance="27b450" url="/deploy?scmType=GitHub" method="POST" type="request" pid="2660,2,7" Connection="Keep-Alive" Content-Length="8032" Content-Type="application/x-www-form-urlencoded" Accept="*/*" Host="cartracker.scm.azurewebsites.net" User-Agent="GitHub-Hookshot/d883a79" X-GitHub-Event="push" X-GitHub-Delivery="c53632ec-2aed-11e4-881e-3742205941d5" X-SITE-DEPLOYMENT-ID="cartracker" elapsed="9695">
    <step title="FetchHandler" date="08/23 17:49:06" instance="27b450" elapsed="9622">
      <step title="Attempting to fetch target branch master" date="08/23 17:49:06" instance="27b450" elapsed="0" />
      <step title="Executing external process" date="08/23 17:49:06" instance="27b450" type="process" path="git.exe" arguments="rev-parse --git-dir" elapsed="64" />
      <step title="Assuming git repository at D:\home\site\repository" date="08/23 17:49:06" instance="27b450" elapsed="0" />
      <step title="Performing fetch based deployment" date="08/23 17:49:06" instance="27b450" elapsed="9211">
        <step title="Creating temporary deployment" date="08/23 17:49:06" instance="27b450" elapsed="213" />
        <step title="Executing external process" date="08/23 17:49:07" instance="27b450" type="process" path="git.exe" arguments="rev-parse --git-dir" elapsed="32" />
        <step title="Executing external process" date="08/23 17:49:07" instance="27b450" type="process" path="git.exe" arguments="rev-parse --git-dir" elapsed="29" />
        <step title="Executing external process" date="08/23 17:49:07" instance="27b450" type="process" path="git.exe" arguments="remote add -t master external &quot;git@github.com:JamieDixon/CarTracker&quot;" elapsed="123" />
        <step title="Executing external process" date="08/23 17:49:07" instance="27b450" type="process" path="git.exe" arguments="branch" elapsed="47" />
        <step title="Executing external process" date="08/23 17:49:07" instance="27b450" type="process" path="git.exe" arguments="fetch external --progress" elapsed="2810" />
        <step title="Executing external process" date="08/23 17:49:10" instance="27b450" type="process" path="git.exe" arguments="update-ref refs/heads/master external/master" elapsed="106" />
        <step title="Executing external process" date="08/23 17:49:10" instance="27b450" type="process" path="git.exe" arguments="checkout master --force" elapsed="589" />
        <step title="Executing external process" date="08/23 17:49:10" instance="27b450" type="process" path="git.exe" arguments="remote rm external" elapsed="146" />
        <step title="Executing external process" date="08/23 17:49:11" instance="27b450" type="process" path="git.exe" arguments="log -n 1 master --" elapsed="46" />
        <step title="Executing external process" date="08/23 17:49:11" instance="27b450" type="process" path="git.exe" arguments="log -n 1 master --" elapsed="46" />
        <step title="DeploymentManager.Deploy(id)" date="08/23 17:49:11" instance="27b450" elapsed="4620">
          <step title="Collecting changeset information" date="08/23 17:49:11" instance="27b450" elapsed="41" />
          <step title="Updating submodules" date="08/23 17:49:11" instance="27b450" elapsed="52" />
          <step title="Determining deployment builder" date="08/23 17:49:11" instance="27b450" elapsed="52">
            <step title="Executing external process" date="08/23 17:49:11" instance="27b450" type="process" path="git.exe" arguments="ls-files *.csproj *.vbproj *.fsproj *.sln" elapsed="35" />
            <step title="Builder is NodeSiteBuilder" date="08/23 17:49:11" instance="27b450" elapsed="0" />
          </step>
          <step title="Copying SSH keys" date="08/23 17:49:11" instance="27b450" elapsed="21" />
          <step title="Building" date="08/23 17:49:11" instance="27b450" elapsed="4311">
            <step title="Generating deployment script" date="08/23 17:49:11" instance="27b450" elapsed="58">
              <step title="Using cached version of the deployment script for command: -y --no-dot-deployment -r &quot;D:\home\site\repository&quot; -o &quot;D:\home\site\deployments\tools&quot; --node --sitePath &quot;D:\home\site\repository&quot;" date="08/23 17:49:11" instance="27b450" elapsed="0" />
            </step>
            <step title="Executing external process" date="08/23 17:49:11" instance="27b450" type="process" path="starter.cmd" arguments="&quot;D:\home\site\deployments\tools\deploy.cmd&quot;" elapsed="3829" />
          </step>
        </step>
        <step title="Cleaning up temp files" date="08/23 17:49:15" instance="27b450" elapsed="4" />
        <step title="WebHooksManager.PublishEventAsync: PostDeployment" date="08/23 17:49:15" instance="27b450" elapsed="160" />
        <step title="Site Extension Log" date="08/23 17:49:15" instance="27b450" elapsed="24">
          <step title="{&quot;SiteExtension&quot;:&quot;Kudu&quot;,&quot;EventDate&quot;:&quot;2014-08-23T17:49:15.9529448Z&quot;,&quot;EventName&quot;:&quot;SiteDeployed&quot;,&quot;SiteType&quot;:&quot;NODE.JS&quot;,&quot;ScmType&quot;:&quot;GitHub&quot;,&quot;Result&quot;:&quot;Success&quot;,&quot;Error&quot;:null,&quot;Latency&quot;:4815,&quot;SiteMode&quot;:&quot;Free&quot;}" date="08/23 17:49:15" instance="27b450" elapsed="0" />
        </step>
      </step>
    </step>
    <step title="Outgoing response" date="08/23 17:49:16" instance="27b450" type="response" statusCode="200" statusText="OK" Server="Microsoft-IIS/8.0" Cache-Control="private" X-AspNet-Version="4.0.30319" elapsed="0" />
  </step>
  <step title="Incoming Request" date="08/23 17:49:15" instance="27b450" url="/api/deployments/?$orderby=ReceivedTime%20desc&amp;$top=20" method="GET" type="request" pid="2660,2,12" Connection="Keep-Alive" Accept="application/json" Accept-Language="en-US" Host="cartracker.scm.azurewebsites.net" User-Agent="Azure-Portal/4.9.00298.4" x-ms-client-request-id="f5b62721-e028-4382-8e77-83d52a6f544f-2014-08-23 17:49:14Z" x-ms-client-session-id="45a32d9f-8520-4357-9a1c-bf9934ae2241" X-SITE-DEPLOYMENT-ID="cartracker" elapsed="771">
    <step title="DeploymentService.GetDeployResults" date="08/23 17:49:16" instance="27b450" elapsed="94">
      <step title="DeploymentManager.GetResults" date="08/23 17:49:16" instance="27b450" elapsed="68" />
    </step>
    <step title="Outgoing response" date="08/23 17:49:16" instance="27b450" type="response" statusCode="200" statusText="OK" Server="Microsoft-IIS/8.0" ETag="&quot;f72e72ee13959a83&quot;" Cache-Control="private" X-AspNet-Version="4.0.30319" Content-Type="application/json; charset=utf-8" elapsed="0" />
  </step>
  <step title="Incoming Request" date="08/23 17:50:39" instance="27b450" url="/api/deployments/?$orderby=ReceivedTime%20desc&amp;$top=20" method="GET" type="request" pid="2660,2,9" Connection="Keep-Alive" Accept="application/json" Accept-Language="en-US" Host="cartracker.scm.azurewebsites.net" User-Agent="Azure-Portal/4.9.00298.4" x-ms-client-request-id="4f18501c-1ed7-451e-8fd1-538e2ae848f6-2014-08-23 17:50:39Z" x-ms-client-session-id="45a32d9f-8520-4357-9a1c-bf9934ae2241" X-SITE-DEPLOYMENT-ID="cartracker" elapsed="123">
    <step title="DeploymentService.GetDeployResults" date="08/23 17:50:39" instance="27b450" elapsed="87">
      <step title="DeploymentManager.GetResults" date="08/23 17:50:39" instance="27b450" elapsed="87" />
    </step>
    <step title="Outgoing response" date="08/23 17:50:39" instance="27b450" type="response" statusCode="200" statusText="OK" Server="Microsoft-IIS/8.0" ETag="&quot;f72e72ee13959a83&quot;" Cache-Control="private" X-AspNet-Version="4.0.30319" Content-Type="application/json; charset=utf-8" elapsed="0" />
  </step>
  <step title="Incoming Request" date="08/23 17:59:35" instance="27b450" url="/api/deployments/?$orderby=ReceivedTime%20desc&amp;$top=20" method="GET" type="request" pid="2660,2,55" Connection="Keep-Alive" Accept="application/json" Accept-Language="en-US" Host="cartracker.scm.azurewebsites.net" User-Agent="Azure-Portal/4.9.00298.4" x-ms-client-request-id="62be64b9-aba5-4a44-8f8f-ce868beb67b4-2014-08-23 17:59:34Z" x-ms-client-session-id="45a32d9f-8520-4357-9a1c-bf9934ae2241" X-SITE-DEPLOYMENT-ID="cartracker" elapsed="198">
    <step title="DeploymentService.GetDeployResults" date="08/23 17:59:35" instance="27b450" elapsed="165">
      <step title="DeploymentManager.GetResults" date="08/23 17:59:35" instance="27b450" elapsed="164">
        <step title="Purge deployment items" date="08/23 17:59:35" instance="27b450" elapsed="49">
          <step title="Remove temp-1d28, Pending, received at 8/23/2014 5:59:29 PM" date="08/23 17:59:35" instance="27b450" elapsed="0" />
        </step>
      </step>
    </step>
    <step title="Outgoing response" date="08/23 17:59:35" instance="27b450" type="response" statusCode="200" statusText="OK" Server="Microsoft-IIS/8.0" ETag="&quot;f72e72ec83ac5f5b&quot;" Cache-Control="private" X-AspNet-Version="4.0.30319" Content-Type="application/json; charset=utf-8" elapsed="0" />
  </step>
  <step title="Incoming Request" date="08/23 17:59:29" instance="27b450" url="/deploy?scmType=GitHub" method="POST" type="request" pid="2660,2,40" Connection="Keep-Alive" Content-Length="7306" Content-Type="application/x-www-form-urlencoded" Accept="*/*" Host="cartracker.scm.azurewebsites.net" User-Agent="GitHub-Hookshot/d883a79" X-GitHub-Event="push" X-GitHub-Delivery="391e03b4-2aef-11e4-99cc-8d3338610090" X-SITE-DEPLOYMENT-ID="cartracker" elapsed="8312">
    <step title="FetchHandler" date="08/23 17:59:29" instance="27b450" elapsed="8299">
      <step title="Attempting to fetch target branch master" date="08/23 17:59:29" instance="27b450" elapsed="0" />
      <step title="Executing external process" date="08/23 17:59:29" instance="27b450" type="process" path="git.exe" arguments="rev-parse --git-dir" elapsed="82" />
      <step title="Assuming git repository at D:\home\site\repository" date="08/23 17:59:29" instance="27b450" elapsed="0" />
      <step title="Performing fetch based deployment" date="08/23 17:59:29" instance="27b450" elapsed="8004">
        <step title="Creating temporary deployment" date="08/23 17:59:29" instance="27b450" elapsed="59" />
        <step title="Executing external process" date="08/23 17:59:29" instance="27b450" type="process" path="git.exe" arguments="rev-parse --git-dir" elapsed="30" />
        <step title="Executing external process" date="08/23 17:59:30" instance="27b450" type="process" path="git.exe" arguments="rev-parse --git-dir" elapsed="31" />
        <step title="Executing external process" date="08/23 17:59:30" instance="27b450" type="process" path="git.exe" arguments="remote add -t master external &quot;git@github.com:JamieDixon/CarTracker&quot;" elapsed="122" />
        <step title="Executing external process" date="08/23 17:59:30" instance="27b450" type="process" path="git.exe" arguments="branch" elapsed="49" />
        <step title="Executing external process" date="08/23 17:59:30" instance="27b450" type="process" path="git.exe" arguments="fetch external --progress" elapsed="2251" />
        <step title="Executing external process" date="08/23 17:59:32" instance="27b450" type="process" path="git.exe" arguments="update-ref refs/heads/master external/master" elapsed="109" />
        <step title="Executing external process" date="08/23 17:59:32" instance="27b450" type="process" path="git.exe" arguments="checkout master --force" elapsed="364" />
        <step title="Executing external process" date="08/23 17:59:32" instance="27b450" type="process" path="git.exe" arguments="remote rm external" elapsed="156" />
        <step title="Executing external process" date="08/23 17:59:33" instance="27b450" type="process" path="git.exe" arguments="log -n 1 master --" elapsed="47" />
        <step title="Executing external process" date="08/23 17:59:33" instance="27b450" type="process" path="git.exe" arguments="log -n 1 master --" elapsed="49" />
        <step title="DeploymentManager.Deploy(id)" date="08/23 17:59:33" instance="27b450" elapsed="4609">
          <step title="Collecting changeset information" date="08/23 17:59:33" instance="27b450" elapsed="40" />
          <step title="Updating submodules" date="08/23 17:59:33" instance="27b450" elapsed="51" />
          <step title="Determining deployment builder" date="08/23 17:59:33" instance="27b450" elapsed="42">
            <step title="Executing external process" date="08/23 17:59:33" instance="27b450" type="process" path="git.exe" arguments="ls-files *.csproj *.vbproj *.fsproj *.sln" elapsed="37" />
            <step title="Builder is NodeSiteBuilder" date="08/23 17:59:33" instance="27b450" elapsed="0" />
          </step>
          <step title="Copying SSH keys" date="08/23 17:59:33" instance="27b450" elapsed="26" />
          <step title="Building" date="08/23 17:59:33" instance="27b450" elapsed="4290">
            <step title="Generating deployment script" date="08/23 17:59:33" instance="27b450" elapsed="37">
              <step title="Using cached version of the deployment script for command: -y --no-dot-deployment -r &quot;D:\home\site\repository&quot; -o &quot;D:\home\site\deployments\tools&quot; --node --sitePath &quot;D:\home\site\repository&quot;" date="08/23 17:59:33" instance="27b450" elapsed="0" />
            </step>
            <step title="Executing external process" date="08/23 17:59:33" instance="27b450" type="process" path="starter.cmd" arguments="&quot;D:\home\site\deployments\tools\deploy.cmd&quot;" elapsed="3879" />
          </step>
        </step>
        <step title="Cleaning up temp files" date="08/23 17:59:37" instance="27b450" elapsed="1" />
        <step title="WebHooksManager.PublishEventAsync: PostDeployment" date="08/23 17:59:37" instance="27b450" elapsed="12" />
        <step title="Site Extension Log" date="08/23 17:59:37" instance="27b450" elapsed="1">
          <step title="{&quot;SiteExtension&quot;:&quot;Kudu&quot;,&quot;EventDate&quot;:&quot;2014-08-23T17:59:37.8461792Z&quot;,&quot;EventName&quot;:&quot;SiteDeployed&quot;,&quot;SiteType&quot;:&quot;NODE.JS&quot;,&quot;ScmType&quot;:&quot;GitHub&quot;,&quot;Result&quot;:&quot;Success&quot;,&quot;Error&quot;:null,&quot;Latency&quot;:4635,&quot;SiteMode&quot;:&quot;Free&quot;}" date="08/23 17:59:37" instance="27b450" elapsed="0" />
        </step>
      </step>
    </step>
    <step title="Outgoing response" date="08/23 17:59:37" instance="27b450" type="response" statusCode="200" statusText="OK" Server="Microsoft-IIS/8.0" Cache-Control="private" X-AspNet-Version="4.0.30319" elapsed="0" />
  </step>
  <step title="Incoming Request" date="08/23 17:59:41" instance="27b450" url="/api/deployments/?$orderby=ReceivedTime%20desc&amp;$top=20" method="GET" type="request" pid="2660,2,47" Connection="Keep-Alive" Accept="application/json" Accept-Language="en-US" Host="cartracker.scm.azurewebsites.net" If-None-Match="&quot;f72e72ec83ac5f5b&quot;" User-Agent="Azure-Portal/4.9.00298.4" x-ms-client-request-id="1700359d-45a9-4552-ac42-1fac52530d68-2014-08-23 17:59:40Z" x-ms-client-session-id="45a32d9f-8520-4357-9a1c-bf9934ae2241" X-SITE-DEPLOYMENT-ID="cartracker" elapsed="128">
    <step title="DeploymentService.GetDeployResults" date="08/23 17:59:41" instance="27b450" elapsed="98">
      <step title="DeploymentManager.GetResults" date="08/23 17:59:41" instance="27b450" elapsed="98" />
    </step>
    <step title="Outgoing response" date="08/23 17:59:41" instance="27b450" type="response" statusCode="200" statusText="OK" Server="Microsoft-IIS/8.0" ETag="&quot;f72e72ec812f412f&quot;" Cache-Control="private" X-AspNet-Version="4.0.30319" Content-Type="application/json; charset=utf-8" elapsed="0" />
  </step>
  <step title="Incoming Request" date="08/23 18:10:58" instance="27b450" url="/api/deployments/?$orderby=ReceivedTime%20desc&amp;$top=20" method="GET" type="request" pid="2660,2,94" Connection="Keep-Alive" Accept="application/json" Accept-Language="en-US" Host="cartracker.scm.azurewebsites.net" If-None-Match="&quot;f72e72ec812f412f&quot;" User-Agent="Azure-Portal/4.9.00298.4" x-ms-client-request-id="c6c594d9-6612-4756-8185-729072e9d6a7-2014-08-23 18:10:58Z" x-ms-client-session-id="45a32d9f-8520-4357-9a1c-bf9934ae2241" X-SITE-DEPLOYMENT-ID="cartracker" elapsed="154">
    <step title="DeploymentService.GetDeployResults" date="08/23 18:10:58" instance="27b450" elapsed="128">
      <step title="DeploymentManager.GetResults" date="08/23 18:10:58" instance="27b450" elapsed="128" />
    </step>
    <step title="Outgoing response" date="08/23 18:10:58" instance="27b450" type="response" statusCode="200" statusText="OK" Server="Microsoft-IIS/8.0" ETag="&quot;f72e72eb15f1934c&quot;" Cache-Control="private" X-AspNet-Version="4.0.30319" Content-Type="application/json; charset=utf-8" elapsed="0" />
  </step>
  <step title="Incoming Request" date="08/23 18:10:54" instance="27b450" url="/deploy?scmType=GitHub" method="POST" type="request" pid="2660,2,84" Connection="Keep-Alive" Content-Length="7300" Content-Type="application/x-www-form-urlencoded" Accept="*/*" Host="cartracker.scm.azurewebsites.net" User-Agent="GitHub-Hookshot/d883a79" X-GitHub-Event="push" X-GitHub-Delivery="d271eb74-2af0-11e4-840a-752bb78d1cab" X-SITE-DEPLOYMENT-ID="cartracker" elapsed="9039">
    <step title="FetchHandler" date="08/23 18:10:54" instance="27b450" elapsed="9028">
      <step title="Attempting to fetch target branch master" date="08/23 18:10:54" instance="27b450" elapsed="0" />
      <step title="Executing external process" date="08/23 18:10:54" instance="27b450" type="process" path="git.exe" arguments="rev-parse --git-dir" elapsed="49" />
      <step title="Assuming git repository at D:\home\site\repository" date="08/23 18:10:54" instance="27b450" elapsed="0" />
      <step title="Performing fetch based deployment" date="08/23 18:10:55" instance="27b450" elapsed="8712">
        <step title="Creating temporary deployment" date="08/23 18:10:55" instance="27b450" elapsed="28" />
        <step title="Executing external process" date="08/23 18:10:55" instance="27b450" type="process" path="git.exe" arguments="rev-parse --git-dir" elapsed="41" />
        <step title="Executing external process" date="08/23 18:10:55" instance="27b450" type="process" path="git.exe" arguments="rev-parse --git-dir" elapsed="33" />
        <step title="Executing external process" date="08/23 18:10:55" instance="27b450" type="process" path="git.exe" arguments="remote add -t master external &quot;git@github.com:JamieDixon/CarTracker&quot;" elapsed="123" />
        <step title="Executing external process" date="08/23 18:10:55" instance="27b450" type="process" path="git.exe" arguments="branch" elapsed="48" />
        <step title="Executing external process" date="08/23 18:10:55" instance="27b450" type="process" path="git.exe" arguments="fetch external --progress" elapsed="2330" />
        <step title="Executing external process" date="08/23 18:10:57" instance="27b450" type="process" path="git.exe" arguments="update-ref refs/heads/master external/master" elapsed="100" />
        <step title="Executing external process" date="08/23 18:10:57" instance="27b450" type="process" path="git.exe" arguments="checkout master --force" elapsed="257" />
        <step title="Executing external process" date="08/23 18:10:58" instance="27b450" type="process" path="git.exe" arguments="remote rm external" elapsed="147" />
        <step title="Executing external process" date="08/23 18:10:58" instance="27b450" type="process" path="git.exe" arguments="log -n 1 master --" elapsed="46" />
        <step title="Executing external process" date="08/23 18:10:58" instance="27b450" type="process" path="git.exe" arguments="log -n 1 master --" elapsed="52" />
        <step title="DeploymentManager.Deploy(id)" date="08/23 18:10:58" instance="27b450" elapsed="5085">
          <step title="Collecting changeset information" date="08/23 18:10:58" instance="27b450" elapsed="45" />
          <step title="Updating submodules" date="08/23 18:10:58" instance="27b450" elapsed="53" />
          <step title="Determining deployment builder" date="08/23 18:10:58" instance="27b450" elapsed="40">
            <step title="Executing external process" date="08/23 18:10:58" instance="27b450" type="process" path="git.exe" arguments="ls-files *.csproj *.vbproj *.fsproj *.sln" elapsed="35" />
            <step title="Builder is NodeSiteBuilder" date="08/23 18:10:58" instance="27b450" elapsed="0" />
          </step>
          <step title="Copying SSH keys" date="08/23 18:10:58" instance="27b450" elapsed="15" />
          <step title="Building" date="08/23 18:10:58" instance="27b450" elapsed="4796">
            <step title="Generating deployment script" date="08/23 18:10:59" instance="27b450" elapsed="63">
              <step title="Using cached version of the deployment script for command: -y --no-dot-deployment -r &quot;D:\home\site\repository&quot; -o &quot;D:\home\site\deployments\tools&quot; --node --sitePath &quot;D:\home\site\repository&quot;" date="08/23 18:10:59" instance="27b450" elapsed="0" />
            </step>
            <step title="Executing external process" date="08/23 18:10:59" instance="27b450" type="process" path="starter.cmd" arguments="&quot;D:\home\site\deployments\tools\deploy.cmd&quot;" elapsed="3890" />
          </step>
        </step>
        <step title="Cleaning up temp files" date="08/23 18:11:03" instance="27b450" elapsed="1" />
        <step title="WebHooksManager.PublishEventAsync: PostDeployment" date="08/23 18:11:03" instance="27b450" elapsed="13" />
        <step title="Site Extension Log" date="08/23 18:11:03" instance="27b450" elapsed="1">
          <step title="{&quot;SiteExtension&quot;:&quot;Kudu&quot;,&quot;EventDate&quot;:&quot;2014-08-23T18:11:03.8295351Z&quot;,&quot;EventName&quot;:&quot;SiteDeployed&quot;,&quot;SiteType&quot;:&quot;NODE.JS&quot;,&quot;ScmType&quot;:&quot;GitHub&quot;,&quot;Result&quot;:&quot;Success&quot;,&quot;Error&quot;:null,&quot;Latency&quot;:5115,&quot;SiteMode&quot;:&quot;Free&quot;}" date="08/23 18:11:03" instance="27b450" elapsed="0" />
        </step>
      </step>
    </step>
    <step title="Outgoing response" date="08/23 18:11:03" instance="27b450" type="response" statusCode="200" statusText="OK" Server="Microsoft-IIS/8.0" Cache-Control="private" X-AspNet-Version="4.0.30319" elapsed="0" />
  </step>
  <step title="Incoming Request" date="08/23 18:11:04" instance="27b450" url="/api/deployments/?$orderby=ReceivedTime%20desc&amp;$top=20" method="GET" type="request" pid="2660,2,111" Connection="Keep-Alive" Accept="application/json" Accept-Language="en-US" Host="cartracker.scm.azurewebsites.net" If-None-Match="&quot;f72e72eb15f1934c&quot;" User-Agent="Azure-Portal/4.9.00298.4" x-ms-client-request-id="1c25d9b7-21ff-4c0e-8285-e94207df1123-2014-08-23 18:11:03Z" x-ms-client-session-id="45a32d9f-8520-4357-9a1c-bf9934ae2241" X-SITE-DEPLOYMENT-ID="cartracker" elapsed="124">
    <step title="DeploymentService.GetDeployResults" date="08/23 18:11:04" instance="27b450" elapsed="98">
      <step title="DeploymentManager.GetResults" date="08/23 18:11:04" instance="27b450" elapsed="98" />
    </step>
    <step title="Outgoing response" date="08/23 18:11:04" instance="27b450" type="response" statusCode="200" statusText="OK" Server="Microsoft-IIS/8.0" ETag="&quot;f72e72eb1e0c6665&quot;" Cache-Control="private" X-AspNet-Version="4.0.30319" Content-Type="application/json; charset=utf-8" elapsed="0" />
  </step>
  <step title="Incoming Request" date="08/23 18:16:55" instance="27b450" url="/api/continuousjobs/" method="GET" type="request" pid="2660,2,69" Connection="Keep-Alive" Accept="application/json" Accept-Language="en-US" Host="cartracker.scm.azurewebsites.net" User-Agent="Azure-Portal/4.9.00298.4" x-ms-client-request-id="9838ef3c-a2cf-416e-8f82-d3f765e5c1df-2014-08-23 18:16:54Z" x-ms-client-session-id="45a32d9f-8520-4357-9a1c-bf9934ae2241" X-SITE-DEPLOYMENT-ID="cartracker" elapsed="46">
    <step title="Outgoing response" date="08/23 18:16:55" instance="27b450" type="response" statusCode="200" statusText="OK" Server="Microsoft-IIS/8.0" ETag="&quot;11&quot;" Cache-Control="private" X-AspNet-Version="4.0.30319" Content-Type="application/json; charset=utf-8" elapsed="0" />
  </step>
  <step title="Incoming Request" date="08/23 18:16:56" instance="27b450" url="/api/settings/branch" method="GET" type="request" pid="2660,2,70" Connection="Keep-Alive" Accept="application/json" Accept-Language="en-US" Host="cartracker.scm.azurewebsites.net" User-Agent="Azure-Portal/4.9.00298.4" x-ms-client-request-id="52b7ceb0-e68d-4e95-b71c-2b448ed64b02-2014-08-23 18:16:56Z" x-ms-client-session-id="45a32d9f-8520-4357-9a1c-bf9934ae2241" X-SITE-DEPLOYMENT-ID="cartracker" elapsed="37">
    <step title="Outgoing response" date="08/23 18:16:56" instance="27b450" type="response" statusCode="200" statusText="OK" Server="Microsoft-IIS/8.0" Cache-Control="private" X-AspNet-Version="4.0.30319" Content-Type="application/json; charset=utf-8" elapsed="0" />
  </step>
  <step title="Incoming Request" date="08/23 18:16:56" instance="27b450" url="/api/diagnostics/settings" method="GET" type="request" pid="2660,2,71" Connection="Keep-Alive" Accept="application/json" Accept-Language="en-US" Host="cartracker.scm.azurewebsites.net" User-Agent="Azure-Portal/4.9.00298.4" x-ms-client-request-id="2473046d-3e15-4213-87a2-cbac4353cd90-2014-08-23 18:16:56Z" x-ms-client-session-id="45a32d9f-8520-4357-9a1c-bf9934ae2241" X-SITE-DEPLOYMENT-ID="cartracker" elapsed="32">
    <step title="Outgoing response" date="08/23 18:16:56" instance="27b450" type="response" statusCode="200" statusText="OK" Server="Microsoft-IIS/8.0" Cache-Control="private" X-AspNet-Version="4.0.30319" Content-Type="application/json; charset=utf-8" elapsed="0" />
  </step>
  <step title="Incoming Request" date="08/23 18:18:45" instance="27b450" url="/api/settings/branch" method="GET" type="request" pid="2660,2,5" Connection="Keep-Alive" Accept="application/json" Accept-Language="en-US" Host="cartracker.scm.azurewebsites.net" User-Agent="Azure-Portal/4.9.00298.4" x-ms-client-request-id="cdcdc145-2862-4e48-a047-00a3583a895c-2014-08-23 18:18:44Z" x-ms-client-session-id="45a32d9f-8520-4357-9a1c-bf9934ae2241" X-SITE-DEPLOYMENT-ID="cartracker" elapsed="6">
    <step title="Outgoing response" date="08/23 18:18:45" instance="27b450" type="response" statusCode="200" statusText="OK" Server="Microsoft-IIS/8.0" Cache-Control="private" X-AspNet-Version="4.0.30319" Content-Type="application/json; charset=utf-8" elapsed="0" />
  </step>
  <step title="Incoming Request" date="08/23 18:18:45" instance="27b450" url="/api/diagnostics/settings" method="GET" type="request" pid="2660,2,22" Connection="Keep-Alive" Accept="application/json" Accept-Language="en-US" Host="cartracker.scm.azurewebsites.net" User-Agent="Azure-Portal/4.9.00298.4" x-ms-client-request-id="36d45415-fc1d-4155-bf88-6416df47b873-2014-08-23 18:18:44Z" x-ms-client-session-id="45a32d9f-8520-4357-9a1c-bf9934ae2241" X-SITE-DEPLOYMENT-ID="cartracker" elapsed="8">
    <step title="Outgoing response" date="08/23 18:18:45" instance="27b450" type="response" statusCode="200" statusText="OK" Server="Microsoft-IIS/8.0" Cache-Control="private" X-AspNet-Version="4.0.30319" Content-Type="application/json; charset=utf-8" elapsed="0" />
  </step>
  <step title="Incoming Request" date="08/23 18:24:39" instance="27b450" url="/api/deployments/?$orderby=ReceivedTime%20desc&amp;$top=20" method="GET" type="request" pid="2660,2,18" Connection="Keep-Alive" Accept="application/json" Accept-Language="en-US" Host="cartracker.scm.azurewebsites.net" User-Agent="Azure-Portal/4.9.00298.4" x-ms-client-request-id="29d406d7-5d9d-4c17-9b24-6c2c969c0b7b-2014-08-23 18:24:38Z" x-ms-client-session-id="45a32d9f-8520-4357-9a1c-bf9934ae2241" X-SITE-DEPLOYMENT-ID="cartracker" elapsed="264">
    <step title="DeploymentService.GetDeployResults" date="08/23 18:24:39" instance="27b450" elapsed="236">
      <step title="DeploymentManager.GetResults" date="08/23 18:24:39" instance="27b450" elapsed="236">
        <step title="Purge deployment items" date="08/23 18:24:39" instance="27b450" elapsed="49">
          <step title="Remove temp-3b45, Pending, received at 8/23/2014 6:24:18 PM" date="08/23 18:24:39" instance="27b450" elapsed="0" />
        </step>
      </step>
    </step>
    <step title="Outgoing response" date="08/23 18:24:39" instance="27b450" type="response" statusCode="200" statusText="OK" Server="Microsoft-IIS/8.0" ETag="&quot;f72e72e93acf569d&quot;" Cache-Control="private" X-AspNet-Version="4.0.30319" Content-Type="application/json; charset=utf-8" elapsed="0" />
  </step>
  <step title="Incoming Request" date="08/23 18:24:45" instance="27b450" url="/api/deployments/?$orderby=ReceivedTime%20desc&amp;$top=20" method="GET" type="request" pid="2660,2,51" Connection="Keep-Alive" Accept="application/json" Accept-Language="en-US" Host="cartracker.scm.azurewebsites.net" If-None-Match="&quot;f72e72e93acf569d&quot;" User-Agent="Azure-Portal/4.9.00298.4" x-ms-client-request-id="fe95ca3d-f3d1-4456-9223-9c0ab4edeb51-2014-08-23 18:24:45Z" x-ms-client-session-id="45a32d9f-8520-4357-9a1c-bf9934ae2241" X-SITE-DEPLOYMENT-ID="cartracker" elapsed="132">
    <step title="DeploymentService.GetDeployResults" date="08/23 18:24:45" instance="27b450" elapsed="105">
      <step title="DeploymentManager.GetResults" date="08/23 18:24:45" instance="27b450" elapsed="104" />
    </step>
    <step title="Outgoing response" date="08/23 18:24:45" instance="27b450" type="response" statusCode="200" statusText="OK" Server="Microsoft-IIS/8.0" ETag="&quot;f72e72e9004b800f&quot;" Cache-Control="private" X-AspNet-Version="4.0.30319" Content-Type="application/json; charset=utf-8" elapsed="0" />
  </step>
  <step title="Incoming Request" date="08/23 18:24:17" instance="27b450" url="/deploy?scmType=GitHub" method="POST" type="request" pid="2660,2,46" Connection="Keep-Alive" Content-Length="7268" Content-Type="application/x-www-form-urlencoded" Accept="*/*" Host="cartracker.scm.azurewebsites.net" User-Agent="GitHub-Hookshot/d883a79" X-GitHub-Event="push" X-GitHub-Delivery="b03f6084-2af2-11e4-93d5-88bdb29d41eb" X-SITE-DEPLOYMENT-ID="cartracker" elapsed="33009">
    <step title="FetchHandler" date="08/23 18:24:17" instance="27b450" elapsed="32996">
      <step title="Attempting to fetch target branch master" date="08/23 18:24:17" instance="27b450" elapsed="0" />
      <step title="Executing external process" date="08/23 18:24:17" instance="27b450" type="process" path="git.exe" arguments="rev-parse --git-dir" elapsed="71" />
      <step title="Assuming git repository at D:\home\site\repository" date="08/23 18:24:17" instance="27b450" elapsed="0" />
      <step title="Performing fetch based deployment" date="08/23 18:24:18" instance="27b450" elapsed="32686">
        <step title="Creating temporary deployment" date="08/23 18:24:18" instance="27b450" elapsed="27" />
        <step title="Executing external process" date="08/23 18:24:18" instance="27b450" type="process" path="git.exe" arguments="rev-parse --git-dir" elapsed="30" />
        <step title="Executing external process" date="08/23 18:24:18" instance="27b450" type="process" path="git.exe" arguments="rev-parse --git-dir" elapsed="30" />
        <step title="Executing external process" date="08/23 18:24:18" instance="27b450" type="process" path="git.exe" arguments="remote add -t master external &quot;git@github.com:JamieDixon/CarTracker&quot;" elapsed="114" />
        <step title="Executing external process" date="08/23 18:24:18" instance="27b450" type="process" path="git.exe" arguments="branch" elapsed="44" />
        <step title="Executing external process" date="08/23 18:24:18" instance="27b450" type="process" path="git.exe" arguments="fetch external --progress" elapsed="2177" />
        <step title="Executing external process" date="08/23 18:24:20" instance="27b450" type="process" path="git.exe" arguments="update-ref refs/heads/master external/master" elapsed="119" />
        <step title="Executing external process" date="08/23 18:24:20" instance="27b450" type="process" path="git.exe" arguments="checkout master --force" elapsed="256" />
        <step title="Executing external process" date="08/23 18:24:21" instance="27b450" type="process" path="git.exe" arguments="remote rm external" elapsed="149" />
        <step title="Executing external process" date="08/23 18:24:21" instance="27b450" type="process" path="git.exe" arguments="log -n 1 master --" elapsed="45" />
        <step title="Executing external process" date="08/23 18:24:21" instance="27b450" type="process" path="git.exe" arguments="log -n 1 master --" elapsed="45" />
        <step title="DeploymentManager.Deploy(id)" date="08/23 18:24:21" instance="27b450" elapsed="29530">
          <step title="Collecting changeset information" date="08/23 18:24:21" instance="27b450" elapsed="42" />
          <step title="Updating submodules" date="08/23 18:24:21" instance="27b450" elapsed="51" />
          <step title="Determining deployment builder" date="08/23 18:24:21" instance="27b450" elapsed="144">
            <step title="Specific project was specified: src/api" date="08/23 18:24:21" instance="27b450" elapsed="0" />
            <step title="Executing external process" date="08/23 18:24:21" instance="27b450" type="process" path="git.exe" arguments="ls-files *.csproj *.vbproj *.fsproj" elapsed="36" />
            <step title="Executing external process" date="08/23 18:24:21" instance="27b450" type="process" path="git.exe" arguments="ls-files *.sln" elapsed="33" />
            <step title="Executing external process" date="08/23 18:24:21" instance="27b450" type="process" path="git.exe" arguments="ls-files *.sln" elapsed="33" />
            <step title="Executing external process" date="08/23 18:24:21" instance="27b450" type="process" path="git.exe" arguments="ls-files *.sln" elapsed="33" />
            <step title="Builder is NodeSiteBuilder" date="08/23 18:24:21" instance="27b450" elapsed="0" />
          </step>
          <step title="Copying SSH keys" date="08/23 18:24:21" instance="27b450" elapsed="15" />
          <step title="Building" date="08/23 18:24:21" instance="27b450" elapsed="29142">
            <step title="Generating deployment script" date="08/23 18:24:21" instance="27b450" elapsed="258">
              <step title="Executing external process" date="08/23 18:24:21" instance="27b450" type="process" path="starter.cmd" arguments="&quot;D:\Program Files (x86)\SiteExtensions\Kudu\28.30822.1100\bin\node_modules\.bin\kuduscript.cmd&quot; -y --no-dot-deployment -r &quot;D:\home\site\repository&quot; -o &quot;D:\home\site\deployments\tools&quot; --node --sitePath &quot;D:\home\site\repository\src\api&quot;" elapsed="216" />
              <step title="Saved cached version of the deployment script for command -y --no-dot-deployment -r &quot;D:\home\site\repository&quot; -o &quot;D:\home\site\deployments\tools&quot; --node --sitePath &quot;D:\home\site\repository\src\api&quot;" date="08/23 18:24:21" instance="27b450" elapsed="0" />
            </step>
            <step title="Executing external process" date="08/23 18:24:22" instance="27b450" type="process" path="starter.cmd" arguments="&quot;D:\home\site\deployments\tools\deploy.cmd&quot;" elapsed="28497" />
          </step>
        </step>
        <step title="Cleaning up temp files" date="08/23 18:24:50" instance="27b450" elapsed="1" />
        <step title="WebHooksManager.PublishEventAsync: PostDeployment" date="08/23 18:24:50" instance="27b450" elapsed="11" />
        <step title="Site Extension Log" date="08/23 18:24:50" instance="27b450" elapsed="1">
          <step title="{&quot;SiteExtension&quot;:&quot;Kudu&quot;,&quot;EventDate&quot;:&quot;2014-08-23T18:24:50.8362976Z&quot;,&quot;EventName&quot;:&quot;SiteDeployed&quot;,&quot;SiteType&quot;:&quot;NODE.JS&quot;,&quot;ScmType&quot;:&quot;GitHub&quot;,&quot;Result&quot;:&quot;Success&quot;,&quot;Error&quot;:null,&quot;Latency&quot;:29556,&quot;SiteMode&quot;:&quot;Free&quot;}" date="08/23 18:24:50" instance="27b450" elapsed="0" />
        </step>
      </step>
    </step>
    <step title="Outgoing response" date="08/23 18:24:50" instance="27b450" type="response" statusCode="200" statusText="OK" Server="Microsoft-IIS/8.0" Cache-Control="private" X-AspNet-Version="4.0.30319" elapsed="0" />
  </step>
  <step title="Incoming Request" date="08/23 18:24:51" instance="27b450" url="/api/deployments/?$orderby=ReceivedTime%20desc&amp;$top=20" method="GET" type="request" pid="2660,2,26" Connection="Keep-Alive" Accept="application/json" Accept-Language="en-US" Host="cartracker.scm.azurewebsites.net" If-None-Match="&quot;f72e72e9004b800f&quot;" User-Agent="Azure-Portal/4.9.00298.4" x-ms-client-request-id="1abe5e42-0d23-400c-93aa-5c7f739478e0-2014-08-23 18:24:51Z" x-ms-client-session-id="45a32d9f-8520-4357-9a1c-bf9934ae2241" X-SITE-DEPLOYMENT-ID="cartracker" elapsed="167">
    <step title="DeploymentService.GetDeployResults" date="08/23 18:24:51" instance="27b450" elapsed="129">
      <step title="DeploymentManager.GetResults" date="08/23 18:24:51" instance="27b450" elapsed="129" />
    </step>
    <step title="Outgoing response" date="08/23 18:24:52" instance="27b450" type="response" statusCode="200" statusText="OK" Server="Microsoft-IIS/8.0" ETag="&quot;f72e72e90be1eb65&quot;" Cache-Control="private" X-AspNet-Version="4.0.30319" Content-Type="application/json; charset=utf-8" elapsed="0" />
  </step>
  <step title="Incoming Request" date="08/23 18:27:34" instance="27b450" url="/api/deployments/78c303ccb69706dc52729605c9420cd667840d21/log" method="GET" type="request" pid="2660,2,41" Connection="Keep-Alive" Accept="application/json" Accept-Language="en-US" Host="cartracker.scm.azurewebsites.net" User-Agent="Azure-Portal/4.9.00298.4" x-ms-client-request-id="d2dd7927-e0ed-429d-ae9f-d5f54ecd1443-2014-08-23 18:27:33Z" x-ms-client-session-id="45a32d9f-8520-4357-9a1c-bf9934ae2241" X-SITE-DEPLOYMENT-ID="cartracker" elapsed="135">
    <step title="DeploymentService.GetLogEntry" date="08/23 18:27:34" instance="27b450" elapsed="113">
      <step title="DeploymentManager.GetLogEntries(id)" date="08/23 18:27:34" instance="27b450" elapsed="111" />
    </step>
    <step title="Outgoing response" date="08/23 18:27:34" instance="27b450" type="response" statusCode="200" statusText="OK" Server="Microsoft-IIS/8.0" Cache-Control="private" X-AspNet-Version="4.0.30319" Content-Type="application/json; charset=utf-8" elapsed="0" />
  </step>
  <step title="Incoming Request" date="08/23 18:30:36" instance="27b450" url="/api/continuousjobs/" method="GET" type="request" pid="2660,2,41" Connection="Keep-Alive" Accept="application/json" Accept-Language="en-US" Host="cartracker.scm.azurewebsites.net" User-Agent="Azure-Portal/4.9.00298.4" x-ms-client-request-id="b011de06-bb6e-4c21-a81b-0d4e7ae5f12b-2014-08-23 18:30:35Z" x-ms-client-session-id="45a32d9f-8520-4357-9a1c-bf9934ae2241" X-SITE-DEPLOYMENT-ID="cartracker" elapsed="3">
    <step title="Outgoing response" date="08/23 18:30:36" instance="27b450" type="response" statusCode="200" statusText="OK" Server="Microsoft-IIS/8.0" ETag="&quot;11&quot;" Cache-Control="private" X-AspNet-Version="4.0.30319" Content-Type="application/json; charset=utf-8" elapsed="0" />
  </step>
  <step title="Incoming Request" date="08/23 18:30:36" instance="27b450" url="/api/deployments/?$orderby=ReceivedTime%20desc&amp;$top=20" method="GET" type="request" pid="2660,2,42" Connection="Keep-Alive" Accept="application/json" Accept-Language="en-US" Host="cartracker.scm.azurewebsites.net" User-Agent="Azure-Portal/4.9.00298.4" x-ms-client-request-id="6e21f39c-e5ff-4bbf-b111-340c039c9503-2014-08-23 18:30:36Z" x-ms-client-session-id="45a32d9f-8520-4357-9a1c-bf9934ae2241" X-SITE-DEPLOYMENT-ID="cartracker" elapsed="255">
    <step title="DeploymentService.GetDeployResults" date="08/23 18:30:36" instance="27b450" elapsed="231">
      <step title="DeploymentManager.GetResults" date="08/23 18:30:36" instance="27b450" elapsed="231">
        <step title="Purge deployment items" date="08/23 18:30:37" instance="27b450" elapsed="63">
          <step title="Remove temp-7bd2, Pending, received at 8/23/2014 6:30:32 PM" date="08/23 18:30:37" instance="27b450" elapsed="0" />
        </step>
      </step>
    </step>
    <step title="Outgoing response" date="08/23 18:30:37" instance="27b450" type="response" statusCode="200" statusText="OK" Server="Microsoft-IIS/8.0" ETag="&quot;f72e72e8d595730e&quot;" Cache-Control="private" X-AspNet-Version="4.0.30319" Content-Type="application/json; charset=utf-8" elapsed="0" />
  </step>
  <step title="Incoming Request" date="08/23 18:30:37" instance="27b450" url="/api/deployments/?$orderby=ReceivedTime%20desc&amp;$top=20" method="GET" type="request" pid="2660,2,44" Connection="Keep-Alive" Accept="application/json" Accept-Language="en-US" Host="cartracker.scm.azurewebsites.net" User-Agent="Azure-Portal/4.9.00298.4" x-ms-client-request-id="1e7b9f7e-e8f6-413c-859a-8623579492da-2014-08-23 18:30:37Z" x-ms-client-session-id="45a32d9f-8520-4357-9a1c-bf9934ae2241" X-SITE-DEPLOYMENT-ID="cartracker" elapsed="141">
    <step title="DeploymentService.GetDeployResults" date="08/23 18:30:37" instance="27b450" elapsed="119">
      <step title="DeploymentManager.GetResults" date="08/23 18:30:37" instance="27b450" elapsed="119" />
    </step>
    <step title="Outgoing response" date="08/23 18:30:37" instance="27b450" type="response" statusCode="200" statusText="OK" Server="Microsoft-IIS/8.0" ETag="&quot;f72e72e8d56e311b&quot;" Cache-Control="private" X-AspNet-Version="4.0.30319" Content-Type="application/json; charset=utf-8" elapsed="0" />
  </step>
  <step title="Incoming Request" date="08/23 18:30:31" instance="27b450" url="/deploy?scmType=GitHub" method="POST" type="request" pid="2660,2,30" Connection="Keep-Alive" Content-Length="7258" Content-Type="application/x-www-form-urlencoded" Accept="*/*" Host="cartracker.scm.azurewebsites.net" User-Agent="GitHub-Hookshot/d883a79" X-GitHub-Event="push" X-GitHub-Delivery="903edb6a-2af3-11e4-9c58-6fc315263b5e" X-SITE-DEPLOYMENT-ID="cartracker" elapsed="9928">
    <step title="FetchHandler" date="08/23 18:30:31" instance="27b450" elapsed="9885">
      <step title="Attempting to fetch target branch master" date="08/23 18:30:31" instance="27b450" elapsed="0" />
      <step title="Executing external process" date="08/23 18:30:31" instance="27b450" type="process" path="git.exe" arguments="rev-parse --git-dir" elapsed="75" />
      <step title="Assuming git repository at D:\home\site\repository" date="08/23 18:30:31" instance="27b450" elapsed="0" />
      <step title="Performing fetch based deployment" date="08/23 18:30:32" instance="27b450" elapsed="9536">
        <step title="Creating temporary deployment" date="08/23 18:30:32" instance="27b450" elapsed="46" />
        <step title="Executing external process" date="08/23 18:30:32" instance="27b450" type="process" path="git.exe" arguments="rev-parse --git-dir" elapsed="30" />
        <step title="Executing external process" date="08/23 18:30:32" instance="27b450" type="process" path="git.exe" arguments="rev-parse --git-dir" elapsed="30" />
        <step title="Executing external process" date="08/23 18:30:32" instance="27b450" type="process" path="git.exe" arguments="remote add -t master external &quot;git@github.com:JamieDixon/CarTracker&quot;" elapsed="125" />
        <step title="Executing external process" date="08/23 18:30:32" instance="27b450" type="process" path="git.exe" arguments="branch" elapsed="45" />
        <step title="Executing external process" date="08/23 18:30:32" instance="27b450" type="process" path="git.exe" arguments="fetch external --progress" elapsed="2214" />
        <step title="Executing external process" date="08/23 18:30:34" instance="27b450" type="process" path="git.exe" arguments="update-ref refs/heads/master external/master" elapsed="101" />
        <step title="Executing external process" date="08/23 18:30:34" instance="27b450" type="process" path="git.exe" arguments="checkout master --force" elapsed="239" />
        <step title="Executing external process" date="08/23 18:30:34" instance="27b450" type="process" path="git.exe" arguments="remote rm external" elapsed="143" />
        <step title="Executing external process" date="08/23 18:30:35" instance="27b450" type="process" path="git.exe" arguments="log -n 1 master --" elapsed="45" />
        <step title="Executing external process" date="08/23 18:30:35" instance="27b450" type="process" path="git.exe" arguments="log -n 1 master --" elapsed="45" />
        <step title="DeploymentManager.Deploy(id)" date="08/23 18:30:35" instance="27b450" elapsed="6339">
          <step title="Collecting changeset information" date="08/23 18:30:35" instance="27b450" elapsed="41" />
          <step title="Updating submodules" date="08/23 18:30:35" instance="27b450" elapsed="48" />
          <step title="Determining deployment builder" date="08/23 18:30:35" instance="27b450" elapsed="142">
            <step title="Specific project was specified: src/api" date="08/23 18:30:35" instance="27b450" elapsed="0" />
            <step title="Executing external process" date="08/23 18:30:35" instance="27b450" type="process" path="git.exe" arguments="ls-files *.csproj *.vbproj *.fsproj" elapsed="35" />
            <step title="Executing external process" date="08/23 18:30:35" instance="27b450" type="process" path="git.exe" arguments="ls-files *.sln" elapsed="35" />
            <step title="Executing external process" date="08/23 18:30:35" instance="27b450" type="process" path="git.exe" arguments="ls-files *.sln" elapsed="32" />
            <step title="Executing external process" date="08/23 18:30:35" instance="27b450" type="process" path="git.exe" arguments="ls-files *.sln" elapsed="32" />
            <step title="Builder is NodeSiteBuilder" date="08/23 18:30:35" instance="27b450" elapsed="0" />
          </step>
          <step title="Copying SSH keys" date="08/23 18:30:35" instance="27b450" elapsed="18" />
          <step title="Building" date="08/23 18:30:35" instance="27b450" elapsed="5965">
            <step title="Generating deployment script" date="08/23 18:30:35" instance="27b450" elapsed="38">
              <step title="Using cached version of the deployment script for command: -y --no-dot-deployment -r &quot;D:\home\site\repository&quot; -o &quot;D:\home\site\deployments\tools&quot; --node --sitePath &quot;D:\home\site\repository\src\api&quot;" date="08/23 18:30:35" instance="27b450" elapsed="0" />
            </step>
            <step title="Executing external process" date="08/23 18:30:35" instance="27b450" type="process" path="starter.cmd" arguments="&quot;D:\home\site\deployments\tools\deploy.cmd&quot;" elapsed="5519" />
          </step>
        </step>
        <step title="Cleaning up temp files" date="08/23 18:30:41" instance="27b450" elapsed="1" />
        <step title="WebHooksManager.PublishEventAsync: PostDeployment" date="08/23 18:30:41" instance="27b450" elapsed="14" />
        <step title="Site Extension Log" date="08/23 18:30:41" instance="27b450" elapsed="1">
          <step title="{&quot;SiteExtension&quot;:&quot;Kudu&quot;,&quot;EventDate&quot;:&quot;2014-08-23T18:30:41.5527753Z&quot;,&quot;EventName&quot;:&quot;SiteDeployed&quot;,&quot;SiteType&quot;:&quot;NODE.JS&quot;,&quot;ScmType&quot;:&quot;GitHub&quot;,&quot;Result&quot;:&quot;Success&quot;,&quot;Error&quot;:null,&quot;Latency&quot;:6370,&quot;SiteMode&quot;:&quot;Free&quot;}" date="08/23 18:30:41" instance="27b450" elapsed="0" />
        </step>
      </step>
    </step>
    <step title="Outgoing response" date="08/23 18:30:41" instance="27b450" type="response" statusCode="200" statusText="OK" Server="Microsoft-IIS/8.0" Cache-Control="private" X-AspNet-Version="4.0.30319" elapsed="0" />
  </step>
  <step title="Incoming Request" date="08/23 18:30:44" instance="27b450" url="/api/deployments/?$orderby=ReceivedTime%20desc&amp;$top=20" method="GET" type="request" pid="2660,2,15" Connection="Keep-Alive" Accept="application/json" Accept-Language="en-US" Host="cartracker.scm.azurewebsites.net" If-None-Match="&quot;f72e72e8d56e311b&quot;" User-Agent="Azure-Portal/4.9.00298.4" x-ms-client-request-id="618efaa3-eba0-47b6-89e5-504e7bab0a84-2014-08-23 18:30:43Z" x-ms-client-session-id="45a32d9f-8520-4357-9a1c-bf9934ae2241" X-SITE-DEPLOYMENT-ID="cartracker" elapsed="195">
    <step title="DeploymentService.GetDeployResults" date="08/23 18:30:44" instance="27b450" elapsed="165">
      <step title="DeploymentManager.GetResults" date="08/23 18:30:44" instance="27b450" elapsed="165" />
    </step>
    <step title="Outgoing response" date="08/23 18:30:44" instance="27b450" type="response" statusCode="200" statusText="OK" Server="Microsoft-IIS/8.0" ETag="&quot;f72e72e8d8145385&quot;" Cache-Control="private" X-AspNet-Version="4.0.30319" Content-Type="application/json; charset=utf-8" elapsed="0" />
  </step>
  <step title="Process Shutdown" date="08/23 18:33:25" instance="27b450" pid="2660,2,16" uptime="00:44:18.8627021" lastrequesttime="00:00:08.1036030" elapsed="0" />
  <step title="Startup Request" date="08/23 18:34:13" instance="27b450" url="/deploy?scmType=GitHub" method="POST" type="request" pid="11284,3,13" ScmType="GitHub" elapsed="0" />
  <step title="Incoming Request" date="08/23 18:34:16" instance="27b450" url="/api/deployments/?$orderby=ReceivedTime%20desc&amp;$top=20" method="GET" type="request" pid="11284,3,12" Connection="Keep-Alive" Accept="application/json" Accept-Language="en-US" Host="cartracker.scm.azurewebsites.net" User-Agent="Azure-Portal/4.9.00298.4" x-ms-client-request-id="eacae7aa-ad13-44f2-a6b2-6b806a852f60-2014-08-23 18:34:15Z" x-ms-client-session-id="45a32d9f-8520-4357-9a1c-bf9934ae2241" X-SITE-DEPLOYMENT-ID="cartracker" elapsed="1069">
    <step title="DeploymentService.GetDeployResults" date="08/23 18:34:16" instance="27b450" elapsed="238">
      <step title="DeploymentManager.GetResults" date="08/23 18:34:16" instance="27b450" elapsed="204" />
    </step>
    <step title="Outgoing response" date="08/23 18:34:17" instance="27b450" type="response" statusCode="200" statusText="OK" Server="Microsoft-IIS/8.0" ETag="&quot;f72e72e85bbc6c99&quot;" Cache-Control="private" X-AspNet-Version="4.0.30319" Content-Type="application/json; charset=utf-8" elapsed="0" />
  </step>
  <step title="Incoming Request" date="08/23 18:34:23" instance="27b450" url="/api/deployments/?$orderby=ReceivedTime%20desc&amp;$top=20" method="GET" type="request" pid="11284,3,11" Connection="Keep-Alive" Accept="application/json" Accept-Language="en-US" Host="cartracker.scm.azurewebsites.net" If-None-Match="&quot;f72e72e85bbc6c99&quot;" User-Agent="Azure-Portal/4.9.00298.4" x-ms-client-request-id="b443e225-a080-4c76-8b35-7307111adefe-2014-08-23 18:34:22Z" x-ms-client-session-id="45a32d9f-8520-4357-9a1c-bf9934ae2241" X-SITE-DEPLOYMENT-ID="cartracker" elapsed="203">
    <step title="DeploymentService.GetDeployResults" date="08/23 18:34:23" instance="27b450" elapsed="173">
      <step title="DeploymentManager.GetResults" date="08/23 18:34:23" instance="27b450" elapsed="173" />
    </step>
    <step title="Outgoing response" date="08/23 18:34:23" instance="27b450" type="response" statusCode="200" statusText="OK" Server="Microsoft-IIS/8.0" ETag="&quot;f72e72e85ca582e4&quot;" Cache-Control="private" X-AspNet-Version="4.0.30319" Content-Type="application/json; charset=utf-8" elapsed="0" />
  </step>
  <step title="Incoming Request" date="08/23 18:34:13" instance="27b450" url="/deploy?scmType=GitHub" method="POST" type="request" pid="11284,3,13" Connection="Keep-Alive" Content-Length="7294" Content-Type="application/x-www-form-urlencoded" Accept="*/*" Host="cartracker.scm.azurewebsites.net" User-Agent="GitHub-Hookshot/d883a79" X-GitHub-Event="push" X-GitHub-Delivery="13330c1c-2af4-11e4-86fb-38a83df0bb0f" X-SITE-DEPLOYMENT-ID="cartracker" elapsed="10441">
    <step title="FetchHandler" date="08/23 18:34:13" instance="27b450" elapsed="10370">
      <step title="Attempting to fetch target branch master" date="08/23 18:34:13" instance="27b450" elapsed="0" />
      <step title="Executing external process" date="08/23 18:34:13" instance="27b450" type="process" path="git.exe" arguments="rev-parse --git-dir" elapsed="51" />
      <step title="Assuming git repository at D:\home\site\repository" date="08/23 18:34:13" instance="27b450" elapsed="0" />
      <step title="Performing fetch based deployment" date="08/23 18:34:13" instance="27b450" elapsed="9895">
        <step title="Creating temporary deployment" date="08/23 18:34:13" instance="27b450" elapsed="80" />
        <step title="Executing external process" date="08/23 18:34:13" instance="27b450" type="process" path="git.exe" arguments="rev-parse --git-dir" elapsed="31" />
        <step title="Executing external process" date="08/23 18:34:14" instance="27b450" type="process" path="git.exe" arguments="rev-parse --git-dir" elapsed="31" />
        <step title="Executing external process" date="08/23 18:34:14" instance="27b450" type="process" path="git.exe" arguments="remote add -t master external &quot;git@github.com:JamieDixon/CarTracker&quot;" elapsed="138" />
        <step title="Executing external process" date="08/23 18:34:14" instance="27b450" type="process" path="git.exe" arguments="branch" elapsed="46" />
        <step title="Executing external process" date="08/23 18:34:14" instance="27b450" type="process" path="git.exe" arguments="fetch external --progress" elapsed="2291" />
        <step title="Executing external process" date="08/23 18:34:16" instance="27b450" type="process" path="git.exe" arguments="update-ref refs/heads/master external/master" elapsed="118" />
        <step title="Executing external process" date="08/23 18:34:16" instance="27b450" type="process" path="git.exe" arguments="checkout master --force" elapsed="255" />
        <step title="Executing external process" date="08/23 18:34:16" instance="27b450" type="process" path="git.exe" arguments="remote rm external" elapsed="155" />
        <step title="Executing external process" date="08/23 18:34:17" instance="27b450" type="process" path="git.exe" arguments="log -n 1 master --" elapsed="47" />
        <step title="Executing external process" date="08/23 18:34:17" instance="27b450" type="process" path="git.exe" arguments="log -n 1 master --" elapsed="46" />
        <step title="DeploymentManager.Deploy(id)" date="08/23 18:34:17" instance="27b450" elapsed="6082">
          <step title="Collecting changeset information" date="08/23 18:34:17" instance="27b450" elapsed="53" />
          <step title="Updating submodules" date="08/23 18:34:17" instance="27b450" elapsed="48" />
          <step title="Determining deployment builder" date="08/23 18:34:17" instance="27b450" elapsed="167">
            <step title="Specific project was specified: src/api" date="08/23 18:34:17" instance="27b450" elapsed="0" />
            <step title="Executing external process" date="08/23 18:34:17" instance="27b450" type="process" path="git.exe" arguments="ls-files *.csproj *.vbproj *.fsproj" elapsed="35" />
            <step title="Executing external process" date="08/23 18:34:17" instance="27b450" type="process" path="git.exe" arguments="ls-files *.sln" elapsed="35" />
            <step title="Executing external process" date="08/23 18:34:17" instance="27b450" type="process" path="git.exe" arguments="ls-files *.sln" elapsed="46" />
            <step title="Executing external process" date="08/23 18:34:17" instance="27b450" type="process" path="git.exe" arguments="ls-files *.sln" elapsed="33" />
            <step title="Builder is NodeSiteBuilder" date="08/23 18:34:17" instance="27b450" elapsed="0" />
          </step>
          <step title="Copying SSH keys" date="08/23 18:34:17" instance="27b450" elapsed="18" />
          <step title="Building" date="08/23 18:34:17" instance="27b450" elapsed="5659">
            <step title="Generating deployment script" date="08/23 18:34:17" instance="27b450" elapsed="53">
              <step title="Using cached version of the deployment script for command: -y --no-dot-deployment -r &quot;D:\home\site\repository&quot; -o &quot;D:\home\site\deployments\tools&quot; --node --sitePath &quot;D:\home\site\repository\src\api&quot;" date="08/23 18:34:17" instance="27b450" elapsed="0" />
            </step>
            <step title="Executing external process" date="08/23 18:34:17" instance="27b450" type="process" path="starter.cmd" arguments="&quot;D:\home\site\deployments\tools\deploy.cmd&quot;" elapsed="5155" />
          </step>
        </step>
        <step title="Cleaning up temp files" date="08/23 18:34:23" instance="27b450" elapsed="4" />
        <step title="WebHooksManager.PublishEventAsync: PostDeployment" date="08/23 18:34:23" instance="27b450" elapsed="65" />
        <step title="Site Extension Log" date="08/23 18:34:23" instance="27b450" elapsed="20">
          <step title="{&quot;SiteExtension&quot;:&quot;Kudu&quot;,&quot;EventDate&quot;:&quot;2014-08-23T18:34:23.3596014Z&quot;,&quot;EventName&quot;:&quot;SiteDeployed&quot;,&quot;SiteType&quot;:&quot;NODE.JS&quot;,&quot;ScmType&quot;:&quot;GitHub&quot;,&quot;Result&quot;:&quot;Success&quot;,&quot;Error&quot;:null,&quot;Latency&quot;:6174,&quot;SiteMode&quot;:&quot;Free&quot;}" date="08/23 18:34:23" instance="27b450" elapsed="0" />
        </step>
      </step>
    </step>
    <step title="Outgoing response" date="08/23 18:34:23" instance="27b450" type="response" statusCode="200" statusText="OK" Server="Microsoft-IIS/8.0" Cache-Control="private" X-AspNet-Version="4.0.30319" elapsed="0" />
  </step>
  <step title="Incoming Request" date="08/23 18:34:29" instance="27b450" url="/api/deployments/?$orderby=ReceivedTime%20desc&amp;$top=20" method="GET" type="request" pid="11284,3,14" Connection="Keep-Alive" Accept="application/json" Accept-Language="en-US" Host="cartracker.scm.azurewebsites.net" If-None-Match="&quot;f72e72e85ca582e4&quot;" User-Agent="Azure-Portal/4.9.00298.4" x-ms-client-request-id="7e0bbb99-a8ac-4a53-a623-55fd6d639188-2014-08-23 18:34:29Z" x-ms-client-session-id="45a32d9f-8520-4357-9a1c-bf9934ae2241" X-SITE-DEPLOYMENT-ID="cartracker" elapsed="167">
    <step title="DeploymentService.GetDeployResults" date="08/23 18:34:29" instance="27b450" elapsed="135">
      <step title="DeploymentManager.GetResults" date="08/23 18:34:29" instance="27b450" elapsed="135" />
    </step>
    <step title="Outgoing response" date="08/23 18:34:30" instance="27b450" type="response" statusCode="200" statusText="OK" Server="Microsoft-IIS/8.0" ETag="&quot;f72e72e85c6f5cec&quot;" Cache-Control="private" X-AspNet-Version="4.0.30319" Content-Type="application/json; charset=utf-8" elapsed="0" />
  </step>
  <step title="Process Shutdown" date="08/23 18:34:55" instance="27b450" pid="11284,3,13" uptime="00:00:42.0103737" lastrequesttime="00:00:19.4379683" elapsed="0" />
  <step title="Startup Request" date="08/23 18:40:08" instance="27b450" url="/dump" method="GET" type="request" pid="5624,2,7" ScmType="GitHub" elapsed="0" />
</trace>