﻿<?xml version="1.0" encoding="utf-8"?>
<deployment>
  <id>e58e164be1c0523937980af6ee15ca30ff444c75</id>
  <author>Jamie Dixon</author>
  <deployer>GitHub</deployer>
  <authorEmail>jamie@jamie-dixon.co.uk</authorEmail>
  <message>Initial commit</message>
  <progress></progress>
  <status>Success</status>
  <statusText></statusText>
  <lastSuccessEndTime>2014-08-23T11:34:39.5988539Z</lastSuccessEndTime>
  <receivedTime>2014-08-23T11:33:34.9665759Z</receivedTime>
  <startTime>2014-08-23T11:33:35.1072584Z</startTime>
  <endTime>2014-08-23T11:34:39.5988539Z</endTime>
  <complete>True</complete>
  <is_temp>False</is_temp>
  <is_readonly>False</is_readonly>
</deployment>