﻿<?xml version="1.0" encoding="utf-8"?>
<entries>
  <entry time="2014-08-23T18:49:09.2843004Z" id="9c24d5ac-728d-4612-91af-a4932570b631" type="0">
    <message>Updating submodules.</message>
  </entry>
  <entry time="2014-08-23T18:49:09.3467984Z" id="5c4ccd66-6ed4-4ad2-a57e-731134beba53" type="0">
    <message>Preparing deployment for commit id '51772e9b7b'.</message>
  </entry>
  <entry time="2014-08-23T18:49:09.7081697Z" id="3d945e88-fd3a-44e5-8cb7-97363aed9c3f" type="0">
    <message>Generating deployment script.</message>
    <entry time="2014-08-23T18:49:09.7550624Z" id="b9b48f56-c6bc-4b5b-96f3-740223386541" type="0">
      <message>Using cached version of deployment script (command: 'azure -y --no-dot-deployment -r "D:\home\site\repository" -o "D:\home\site\deployments\tools" --node --sitePath "D:\home\site\repository\src\api"').</message>
    </entry>
  </entry>
  <entry time="2014-08-23T18:49:09.8185316Z" id="9b07ad2f-9db0-447c-b3b3-35d946b9d38f" type="1">
    <message>Running deployment command...</message>
    <entry time="2014-08-23T18:49:09.8497833Z" id="87f50cad-fb01-4586-a477-63badc7d00e1" type="0">
      <message>Command: "D:\home\site\deployments\tools\deploy.cmd"</message>
    </entry>
    <entry time="2014-08-23T18:49:10.2872316Z" id="58ec1ce7-16e0-40c8-882e-7c8e1d0ad728" type="0">
      <message>Handling node.js deployment.</message>
    </entry>
    <entry time="2014-08-23T18:49:10.6622502Z" id="d4f3355f-36c7-463b-832d-8b4f1a1b40de" type="0">
      <message>KuduSync.NET from: 'D:\home\site\repository\src\api' to: 'D:\home\site\wwwroot'</message>
    </entry>
    <entry time="2014-08-23T18:49:10.6778381Z" id="0e0991ea-89de-4fd3-a26f-76ee73c72075" type="0">
      <message>Copying file: 'azure.err'</message>
    </entry>
    <entry time="2014-08-23T18:49:10.6934634Z" id="4651d1b1-863b-41fd-84c0-af09393bec92" type="0">
      <message>Copying file: 'cartracker.azurewebsites.net.PublishSettings'</message>
    </entry>
    <entry time="2014-08-23T18:49:10.7090791Z" id="ee9c13b1-0bec-4cc3-b8da-b0b58c859bef" type="0">
      <message>Copying file: 'diagnostics.zip'</message>
    </entry>
    <entry time="2014-08-23T18:49:10.724711Z" id="044a726c-ccef-47b9-b4ee-5a6177f4292a" type="0">
      <message>Copying file: 'Pay-As-You-Go-8-23-2014-credentials.publishsettings'</message>
    </entry>
    <entry time="2014-08-23T18:49:10.7403362Z" id="34a89e32-3293-4f05-84ce-716a3963645a" type="0">
      <message>Copying file: 'diagnostics\deployments\active'</message>
    </entry>
    <entry time="2014-08-23T18:49:10.7559615Z" id="088357a0-080d-4155-9ac2-112f6aa1e18d" type="0">
      <message>Copying file: 'diagnostics\deployments\pending'</message>
    </entry>
    <entry time="2014-08-23T18:49:10.7715802Z" id="9e1b1cbf-149f-4b29-98a6-ac90d425831f" type="0">
      <message>Copying file: 'diagnostics\deployments\settings.xml'</message>
    </entry>
    <entry time="2014-08-23T18:49:10.7872012Z" id="1411b0cb-d481-46bf-9521-401669c2ad4f" type="0">
      <message>Copying file: 'diagnostics\deployments\2cb6f2d502afcd426da72b8698065f2c88281b39\log.xml'</message>
    </entry>
    <entry time="2014-08-23T18:49:10.8028266Z" id="a01fe090-8d82-4c0f-88ad-a8dbdd53bb10" type="0">
      <message>Copying file: 'diagnostics\deployments\2cb6f2d502afcd426da72b8698065f2c88281b39\manifest'</message>
    </entry>
    <entry time="2014-08-23T18:49:10.8184505Z" id="afd63330-ea20-4336-bb8e-1e9275977f8a" type="0">
      <message>Copying file: 'diagnostics\deployments\2cb6f2d502afcd426da72b8698065f2c88281b39\status.xml'</message>
    </entry>
    <entry time="2014-08-23T18:49:10.8350033Z" id="0850607e-8d9e-41db-bf02-ac022b6194a0" type="0">
      <message>Copying file: 'diagnostics\deployments\63f1b73d906702a7be89d0e0d00f0e04ff6c74a7\log.xml'</message>
    </entry>
    <entry time="2014-08-23T18:49:10.8506428Z" id="1f90f38d-df7a-4528-a259-16edc6b66a7f" type="0">
      <message>Copying file: 'diagnostics\deployments\63f1b73d906702a7be89d0e0d00f0e04ff6c74a7\manifest'</message>
    </entry>
    <entry time="2014-08-23T18:49:10.866264Z" id="95495a58-8e74-42fd-bc42-8f1c92b16285" type="0">
      <message>Copying file: 'diagnostics\deployments\63f1b73d906702a7be89d0e0d00f0e04ff6c74a7\status.xml'</message>
    </entry>
    <entry time="2014-08-23T18:49:10.8818961Z" id="750573a9-b8e1-4063-a2fa-4f3f46e0c0fd" type="0">
      <message>Copying file: 'diagnostics\deployments\6f7934150eb5aa6d53565133635fad9b2bd15024\log.xml'</message>
    </entry>
    <entry time="2014-08-23T18:49:10.8975172Z" id="03b42709-d693-47b7-a4cc-77d6f392d0bc" type="0">
      <message>Copying file: 'diagnostics\deployments\6f7934150eb5aa6d53565133635fad9b2bd15024\manifest'</message>
    </entry>
    <entry time="2014-08-23T18:49:10.9131397Z" id="5843621e-281e-41ca-8fd5-0ca902fc6125" type="0">
      <message>Copying file: 'diagnostics\deployments\6f7934150eb5aa6d53565133635fad9b2bd15024\status.xml'</message>
    </entry>
    <entry time="2014-08-23T18:49:10.9131397Z" id="a526e22f-92e9-4755-bfc3-81e02f2db739" type="0">
      <message>Copying file: 'diagnostics\deployments\78c303ccb69706dc52729605c9420cd667840d21\log.xml'</message>
    </entry>
    <entry time="2014-08-23T18:49:10.9287621Z" id="9324c7b2-1bcc-41e0-90fa-6eda347bf186" type="0">
      <message>Copying file: 'diagnostics\deployments\78c303ccb69706dc52729605c9420cd667840d21\manifest'</message>
    </entry>
    <entry time="2014-08-23T18:49:10.9443844Z" id="67e19a92-63d6-4714-bce3-684e4b739a31" type="0">
      <message>Copying file: 'diagnostics\deployments\78c303ccb69706dc52729605c9420cd667840d21\status.xml'</message>
    </entry>
    <entry time="2014-08-23T18:49:10.9600092Z" id="cfb9eceb-5b8f-4394-ab49-1230ce293e33" type="0">
      <message>Copying file: 'diagnostics\deployments\c534f8df7f75c6920fb5e9859b9cdb2d9965cc56\log.xml'</message>
    </entry>
    <entry time="2014-08-23T18:49:10.9756333Z" id="5c1b1446-76f6-4caa-a078-cd566a09d8d6" type="0">
      <message>Copying file: 'diagnostics\deployments\c534f8df7f75c6920fb5e9859b9cdb2d9965cc56\manifest'</message>
    </entry>
    <entry time="2014-08-23T18:49:10.9912574Z" id="c4bf55aa-4256-4f63-916e-814d43eb0b1b" type="0">
      <message>Copying file: 'diagnostics\deployments\c534f8df7f75c6920fb5e9859b9cdb2d9965cc56\status.xml'</message>
    </entry>
    <entry time="2014-08-23T18:49:11.0068896Z" id="86fa8ce6-ed16-447c-8458-cb64a75093bf" type="0">
      <message>Copying file: 'diagnostics\deployments\e58e164be1c0523937980af6ee15ca30ff444c75\log.xml'</message>
    </entry>
    <entry time="2014-08-23T18:49:11.022507Z" id="12e282d8-a794-4008-b4e1-039ef88f5e50" type="0">
      <message>Copying file: 'diagnostics\deployments\e58e164be1c0523937980af6ee15ca30ff444c75\manifest'</message>
    </entry>
    <entry time="2014-08-23T18:49:11.0381405Z" id="79063b8b-fefa-49b2-b677-26c1b39abea3" type="0">
      <message>Copying file: 'diagnostics\deployments\e58e164be1c0523937980af6ee15ca30ff444c75\status.xml'</message>
    </entry>
    <entry time="2014-08-23T18:49:11.0537576Z" id="95b068c5-6ad4-4ea2-a3fd-c26599e771fc" type="0">
      <message>Copying file: 'diagnostics\deployments\ebe42fbe513c1403d04bcbf09382c27e78ea5e81\log.xml'</message>
    </entry>
    <entry time="2014-08-23T18:49:11.0693792Z" id="34e577ff-55ca-4620-86dc-d84bd5b94b26" type="0">
      <message>Copying file: 'diagnostics\deployments\ebe42fbe513c1403d04bcbf09382c27e78ea5e81\manifest'</message>
    </entry>
    <entry time="2014-08-23T18:49:11.085005Z" id="9638cf58-2745-40d5-ae7c-9027b9f030b1" type="0">
      <message>Copying file: 'diagnostics\deployments\ebe42fbe513c1403d04bcbf09382c27e78ea5e81\status.xml'</message>
    </entry>
    <entry time="2014-08-23T18:49:11.1006295Z" id="a127228d-ce4b-40dd-8672-e50ae134d8fc" type="0">
      <message>Copying file: 'diagnostics\deployments\tools\deploymentCacheKey'</message>
    </entry>
    <entry time="2014-08-23T18:49:11.1162523Z" id="d1d6ae62-8b68-419e-b490-71f99a02a024" type="0">
      <message>Copying file: 'diagnostics\LogFiles\Application\27b450-10100-stderr-1408818870346.txt'</message>
    </entry>
    <entry time="2014-08-23T18:49:11.1318783Z" id="d2aa07cd-3b45-482a-8823-e6e42854e005" type="0">
      <message>Copying file: 'diagnostics\LogFiles\Application\27b450-11596-stderr-1408818870612.txt'</message>
    </entry>
    <entry time="2014-08-23T18:49:11.1475016Z" id="eb3a5c38-6a1f-4094-b587-4708c35860f8" type="0">
      <message>Copying file: 'diagnostics\LogFiles\Application\27b450-12616-stderr-1408818869172.txt'</message>
    </entry>
    <entry time="2014-08-23T18:49:11.1631263Z" id="ad379ad9-c6ae-452f-b709-602b6ba57c16" type="0">
      <message>Copying file: 'diagnostics\LogFiles\Application\27b450-13496-stderr-1408818869594.txt'</message>
    </entry>
    <entry time="2014-08-23T18:49:11.1787514Z" id="f92e837e-9878-4b5e-b9f9-4f52f36cef6f" type="0">
      <message>Copying file: 'diagnostics\LogFiles\Application\27b450-13780-stderr-1408818871517.txt'</message>
    </entry>
    <entry time="2014-08-23T18:49:11.194378Z" id="3a45050d-3e52-497d-99b1-67e508f814a0" type="0">
      <message>Copying file: 'diagnostics\LogFiles\Application\27b450-14424-stderr-1408818871892.txt'</message>
    </entry>
    <entry time="2014-08-23T18:49:11.210007Z" id="06700122-9d3c-42e6-a7dc-5d38a4d8aa55" type="0">
      <message>Copying file: 'diagnostics\LogFiles\Application\27b450-14656-stderr-1408818872481.txt'</message>
    </entry>
    <entry time="2014-08-23T18:49:11.2412922Z" id="989cb863-3814-44c8-9ac0-544bd75e2ca5" type="0">
      <message>Copying file: 'diagnostics\LogFiles\Application\27b450-2620-stderr-1408818872183.txt'</message>
    </entry>
    <entry time="2014-08-23T18:49:11.2568725Z" id="51ccba10-81a7-4b26-bb69-558bd8ce4786" type="0">
      <message>Copying file: 'diagnostics\LogFiles\Application\27b450-5132-stderr-1408818870940.txt'</message>
    </entry>
    <entry time="2014-08-23T18:49:11.2724987Z" id="7bcb4bf6-b460-416c-b478-7249d7b37caf" type="0">
      <message>Copying file: 'diagnostics\LogFiles\Application\27b450-6436-stderr-1408818870064.txt'</message>
    </entry>
    <entry time="2014-08-23T18:49:11.2881252Z" id="ca5b1100-126f-4700-9d9a-9cb63871348c" type="0">
      <message>Copying file: 'diagnostics\LogFiles\Application\index.html'</message>
    </entry>
    <entry time="2014-08-23T18:49:11.3037539Z" id="11dfd39b-d824-41e3-b975-df5b7f71e219" type="0">
      <message>Copying file: 'diagnostics\LogFiles\Git\trace\RD00155D86EACE-64739209-61e9-490b-a047-1434c3881c91.txt'</message>
    </entry>
    <entry time="2014-08-23T18:49:11.3193695Z" id="79c219e6-251f-474a-8baf-b543a72ffcfb" type="0">
      <message>Copying file: 'diagnostics\LogFiles\Git\trace\trace.xml'</message>
    </entry>
    <entry time="2014-08-23T18:49:11.3349948Z" id="ccbb5067-b5e0-452c-bfcd-39629e1cf29d" type="0">
      <message>Copying file: 'node_modules\.bin\jade'</message>
    </entry>
    <entry time="2014-08-23T18:49:11.3506226Z" id="0a701434-a222-4754-8ec8-a42af7d81f71" type="0">
      <message>Copying file: 'node_modules\.bin\jade.cmd'</message>
    </entry>
    <entry time="2014-08-23T18:49:11.3662433Z" id="b0ea96fd-cbcd-4468-aa22-df1a35ccd9c7" type="0">
      <message>Copying file: 'node_modules\body-parser\.npmignore'</message>
    </entry>
    <entry time="2014-08-23T18:49:11.3818694Z" id="882ce045-1c7e-4a54-9297-6ff21ad6fb5d" type="0">
      <message>Copying file: 'node_modules\body-parser\.travis.yml'</message>
    </entry>
    <entry time="2014-08-23T18:49:11.3974921Z" id="7b220c52-90c1-4d4a-8792-afccc4e54f54" type="0">
      <message>Copying file: 'node_modules\body-parser\HISTORY.md'</message>
    </entry>
    <entry time="2014-08-23T18:49:11.4131168Z" id="1f3aec60-a906-47ef-afa4-f494a1f2b921" type="0">
      <message>Copying file: 'node_modules\body-parser\index.js'</message>
    </entry>
    <entry time="2014-08-23T18:49:11.4287467Z" id="dbabf4c6-a77d-49c4-b726-124d64609e54" type="0">
      <message>Copying file: 'node_modules\body-parser\Makefile'</message>
    </entry>
    <entry time="2014-08-23T18:49:11.4443729Z" id="6c294744-894b-4647-a9df-74bea64588c6" type="0">
      <message>Omitting next output lines...</message>
    </entry>
    <entry time="2014-08-23T18:49:31.2509792Z" id="6da81751-2276-47a3-92ab-7fa569cfe8ba" type="0">
      <message>Processed 1223 files...</message>
    </entry>
    <entry time="2014-08-23T18:49:35.7520406Z" id="56c19e93-7f43-4fe7-8082-9a18dd82d75b" type="0">
      <message>Using start-up script bin/www from package.json.</message>
    </entry>
    <entry time="2014-08-23T18:49:35.7832809Z" id="44b85838-02d8-4956-a43f-0b03753e53d3" type="0">
      <message>Generated web.config.</message>
    </entry>
    <entry time="2014-08-23T18:49:35.8145309Z" id="21fbf37d-b44b-4ce8-b3fd-8e5feca58303" type="0">
      <message>The package.json file does not specify node.js engine version constraints.</message>
    </entry>
    <entry time="2014-08-23T18:49:35.8301557Z" id="8983939f-eb8e-42e2-a7da-b0e83ae88f23" type="0">
      <message>The node.js application will run with the default node.js version 0.10.29.</message>
    </entry>
    <entry time="2014-08-23T18:49:36.9082478Z" id="0a1dcefc-5f0c-4c22-8e1c-fd64d8a939fb" type="1">
      <message>npm http GET https://registry.npmjs.org/express</message>
    </entry>
    <entry time="2014-08-23T18:49:37.7832059Z" id="b5351624-5a5d-4a48-b2bc-bb20bae08039" type="1">
      <message>npm http 200 https://registry.npmjs.org/express</message>
    </entry>
    <entry time="2014-08-23T18:49:37.8613272Z" id="fa3ac25b-64e2-497e-9606-047d4b7976ea" type="1">
      <message>npm http GET https://registry.npmjs.org/express/-/express-3.4.8.tgz</message>
    </entry>
    <entry time="2014-08-23T18:49:37.9238231Z" id="c4e0d6a7-b61a-41cf-a660-bc53689b3eb7" type="1">
      <message>npm http 200 https://registry.npmjs.org/express/-/express-3.4.8.tgz</message>
    </entry>
    <entry time="2014-08-23T18:49:43.0859078Z" id="571aadd6-41ac-40a4-952a-4cfe481bb47f" type="1">
      <message>npm http GET https://registry.npmjs.org/commander</message>
    </entry>
    <entry time="2014-08-23T18:49:43.1015369Z" id="8f42ed54-14f5-46e3-a8af-8b7d7e3a3ca7" type="1">
      <message>npm http GET https://registry.npmjs.org/buffer-crc32</message>
    </entry>
    <entry time="2014-08-23T18:49:43.1171554Z" id="07af67c8-64d0-4396-bfef-e4dfa04b74e5" type="1">
      <message>npm http GET https://registry.npmjs.org/fresh</message>
    </entry>
    <entry time="2014-08-23T18:49:43.1327812Z" id="e03cf60e-cbb0-4a1d-92c9-d946f89a5469" type="1">
      <message>npm http GET https://registry.npmjs.org/connect</message>
    </entry>
    <entry time="2014-08-23T18:49:43.1484389Z" id="12f745b8-1c31-498f-a7f3-b1f9ddd8905f" type="1">
      <message>npm http GET https://registry.npmjs.org/mkdirp</message>
    </entry>
    <entry time="2014-08-23T18:49:43.1640359Z" id="6ecbbe1a-f12d-44d7-b3a9-4c16b5a09c62" type="1">
      <message>npm http GET https://registry.npmjs.org/range-parser</message>
    </entry>
    <entry time="2014-08-23T18:49:43.1796557Z" id="3465e4ff-a116-4fa8-a34f-af8c58266674" type="1">
      <message>npm http GET https://registry.npmjs.org/methods</message>
    </entry>
    <entry time="2014-08-23T18:49:43.1952923Z" id="0761a37b-d3be-44ee-978f-46f7e98cf1fc" type="1">
      <message>npm http GET https://registry.npmjs.org/cookie</message>
    </entry>
    <entry time="2014-08-23T18:49:43.2109077Z" id="a6cefe25-9ab9-4635-9c4c-99a8bb69a58f" type="1">
      <message>npm http GET https://registry.npmjs.org/cookie-signature</message>
    </entry>
    <entry time="2014-08-23T18:49:43.2265334Z" id="c1a1889e-c73b-4903-b873-2270d6d678f8" type="1">
      <message>npm http GET https://registry.npmjs.org/send</message>
    </entry>
    <entry time="2014-08-23T18:49:43.2421523Z" id="8d28d147-4270-493e-b247-69646dc5bdba" type="1">
      <message>npm http GET https://registry.npmjs.org/merge-descriptors</message>
    </entry>
    <entry time="2014-08-23T18:49:43.2577849Z" id="a9becaf8-839f-45fd-8014-213e126615e0" type="1">
      <message>npm http 200 https://registry.npmjs.org/mkdirp</message>
    </entry>
    <entry time="2014-08-23T18:49:43.2736492Z" id="198cb366-a150-4b0f-abfd-98af3211d994" type="1">
      <message>npm http GET https://registry.npmjs.org/mkdirp/-/mkdirp-0.3.5.tgz</message>
    </entry>
    <entry time="2014-08-23T18:49:43.2890251Z" id="ef905903-2386-430a-a300-f8852c7aeab6" type="1">
      <message>npm http 200 https://registry.npmjs.org/commander</message>
    </entry>
    <entry time="2014-08-23T18:49:43.3202743Z" id="adeae914-8f76-4ac8-be62-09cb89a1ffae" type="1">
      <message>npm http GET https://registry.npmjs.org/commander/-/commander-1.3.2.tgz</message>
    </entry>
    <entry time="2014-08-23T18:49:43.3359016Z" id="176e58cf-b1fa-4565-91a6-01b72ae87da1" type="1">
      <message>npm http 200 https://registry.npmjs.org/fresh</message>
    </entry>
    <entry time="2014-08-23T18:49:43.3515233Z" id="787f96bf-8dcf-4eb0-906e-0b5347dc1735" type="1">
      <message>npm http 200 https://registry.npmjs.org/mkdirp/-/mkdirp-0.3.5.tgz</message>
    </entry>
    <entry time="2014-08-23T18:49:43.3671491Z" id="80ab2b98-c79c-4f28-8a14-9936e86e825e" type="1">
      <message>npm http 200 https://registry.npmjs.org/cookie</message>
    </entry>
    <entry time="2014-08-23T18:49:43.3827726Z" id="eb2ac742-0e90-4c5b-a102-aaadf0662735" type="1">
      <message>npm http GET https://registry.npmjs.org/fresh/-/fresh-0.2.0.tgz</message>
    </entry>
    <entry time="2014-08-23T18:49:43.3983972Z" id="73c6e696-6637-47e6-b9ec-c80e1c3c0993" type="1">
      <message>npm http 200 https://registry.npmjs.org/commander/-/commander-1.3.2.tgz</message>
    </entry>
    <entry time="2014-08-23T18:49:43.4140212Z" id="c3df6111-d1db-4e00-8926-202093667529" type="1">
      <message>npm http GET https://registry.npmjs.org/cookie/-/cookie-0.1.0.tgz</message>
    </entry>
    <entry time="2014-08-23T18:49:43.4296453Z" id="d417f729-daec-4be4-badd-f0a8f8b1015f" type="1">
      <message>npm http 200 https://registry.npmjs.org/fresh/-/fresh-0.2.0.tgz</message>
    </entry>
    <entry time="2014-08-23T18:49:43.445273Z" id="37177b15-f517-44c6-9ede-1e2ace4e34bb" type="1">
      <message>npm http 200 https://registry.npmjs.org/cookie/-/cookie-0.1.0.tgz</message>
    </entry>
    <entry time="2014-08-23T18:49:43.5233909Z" id="85329f5e-4d2f-4f5f-906c-565a914bf8cb" type="1">
      <message>npm http 200 https://registry.npmjs.org/buffer-crc32</message>
    </entry>
    <entry time="2014-08-23T18:49:43.5702731Z" id="3d76fa3b-e18a-4e94-9c8f-758595adb462" type="1">
      <message>npm http GET https://registry.npmjs.org/buffer-crc32/-/buffer-crc32-0.2.1.tgz</message>
    </entry>
    <entry time="2014-08-23T18:49:43.6015139Z" id="74a8e0ff-c574-4514-95a6-abe07e949b4a" type="1">
      <message>npm http 200 https://registry.npmjs.org/buffer-crc32/-/buffer-crc32-0.2.1.tgz</message>
    </entry>
    <entry time="2014-08-23T18:49:43.6171379Z" id="a8412445-c486-4a41-8a28-f1c4badcbc80" type="1">
      <message>npm http 200 https://registry.npmjs.org/connect</message>
    </entry>
    <entry time="2014-08-23T18:49:43.6327639Z" id="011f0077-9c8e-4a8a-af5a-e942785323b2" type="1">
      <message>npm http GET https://registry.npmjs.org/connect/-/connect-2.12.0.tgz</message>
    </entry>
    <entry time="2014-08-23T18:49:43.6796784Z" id="ad3d3e8c-6f34-4771-938b-bc3bfceccd2b" type="1">
      <message>npm http 200 https://registry.npmjs.org/connect/-/connect-2.12.0.tgz</message>
    </entry>
    <entry time="2014-08-23T18:49:43.8358865Z" id="35b5603b-39fb-4944-8d01-e979156442e6" type="1">
      <message>npm http 200 https://registry.npmjs.org/range-parser</message>
    </entry>
    <entry time="2014-08-23T18:49:43.8515032Z" id="3414cf3c-6ba3-4cc3-831f-0a0f88c5af08" type="1">
      <message>npm http GET https://registry.npmjs.org/range-parser/-/range-parser-0.0.4.tgz</message>
    </entry>
    <entry time="2014-08-23T18:49:43.8827519Z" id="cc03f22e-271f-41c5-86fc-4f6a9fa6cd28" type="1">
      <message>npm http 200 https://registry.npmjs.org/methods</message>
    </entry>
    <entry time="2014-08-23T18:49:43.898385Z" id="0468997e-1b11-4c1c-89b5-6118ca6d7ad7" type="1">
      <message>npm http GET https://registry.npmjs.org/methods/-/methods-0.1.0.tgz</message>
    </entry>
    <entry time="2014-08-23T18:49:43.9140119Z" id="387e0a46-65db-49bb-bfb2-6e9c69120896" type="1">
      <message>npm http 200 https://registry.npmjs.org/range-parser/-/range-parser-0.0.4.tgz</message>
    </entry>
    <entry time="2014-08-23T18:49:43.9296276Z" id="9d46f398-6db2-4bc3-a91e-ba448d778035" type="1">
      <message>npm http 200 https://registry.npmjs.org/send</message>
    </entry>
    <entry time="2014-08-23T18:49:43.9608745Z" id="363d98ac-6004-4af4-bbd6-ddb9a52dff37" type="1">
      <message>npm http 200 https://registry.npmjs.org/cookie-signature</message>
    </entry>
    <entry time="2014-08-23T18:49:43.9765064Z" id="848961e2-d844-4e08-9a39-099049a2393b" type="1">
      <message>npm http GET https://registry.npmjs.org/send/-/send-0.1.4.tgz</message>
    </entry>
    <entry time="2014-08-23T18:49:43.9921336Z" id="f86458cc-5eb3-4da7-9d5f-5f1d721097d1" type="1">
      <message>npm http GET https://registry.npmjs.org/cookie-signature/-/cookie-signature-1.0.1.tgz</message>
    </entry>
    <entry time="2014-08-23T18:49:44.0077487Z" id="c78456e8-2d0d-410f-b4a2-977dceb5d522" type="1">
      <message>npm http 200 https://registry.npmjs.org/methods/-/methods-0.1.0.tgz</message>
    </entry>
    <entry time="2014-08-23T18:49:44.0389982Z" id="b13705a5-2ac2-4348-b020-0e994fcb6be3" type="1">
      <message>npm http 200 https://registry.npmjs.org/send/-/send-0.1.4.tgz</message>
    </entry>
    <entry time="2014-08-23T18:49:44.0546227Z" id="7b6c393d-01cd-47f0-bf44-00e2c038b792" type="1">
      <message>npm http 200 https://registry.npmjs.org/cookie-signature/-/cookie-signature-1.0.1.tgz</message>
    </entry>
    <entry time="2014-08-23T18:49:44.2734055Z" id="99201185-d574-457f-8d10-61ad536c806c" type="1">
      <message>npm http 200 https://registry.npmjs.org/merge-descriptors</message>
    </entry>
    <entry time="2014-08-23T18:49:44.3046108Z" id="bb5bf39e-5b76-4ee8-939c-8a71ededbab8" type="1">
      <message>npm http GET https://registry.npmjs.org/merge-descriptors/-/merge-descriptors-0.0.1.tgz</message>
    </entry>
    <entry time="2014-08-23T18:49:44.3359053Z" id="ce73c4a2-1302-48aa-acc7-a19602d3e50e" type="1">
      <message>npm http 200 https://registry.npmjs.org/merge-descriptors/-/merge-descriptors-0.0.1.tgz</message>
    </entry>
    <entry time="2014-08-23T18:49:44.8744151Z" id="1617830e-9e91-486d-b903-62cf2dc3c765" type="1">
      <message>npm http GET https://registry.npmjs.org/keypress</message>
    </entry>
    <entry time="2014-08-23T18:49:44.9056645Z" id="82eef1e8-ca26-46d1-a9d9-542ec23235c8" type="1">
      <message>npm http GET https://registry.npmjs.org/mime</message>
    </entry>
    <entry time="2014-08-23T18:49:44.9525395Z" id="cd4c3077-0875-4b32-8ca2-63b7712459e8" type="1">
      <message>npm http 200 https://registry.npmjs.org/keypress</message>
    </entry>
    <entry time="2014-08-23T18:49:44.968156Z" id="4a07b3ee-527e-4721-a0ca-4c116b854a30" type="1">
      <message>npm http GET https://registry.npmjs.org/keypress/-/keypress-0.1.0.tgz</message>
    </entry>
    <entry time="2014-08-23T18:49:44.9837798Z" id="94cd51ce-c9e1-421a-82bd-b07fb5ba05e4" type="1">
      <message>npm http 200 https://registry.npmjs.org/mime</message>
    </entry>
    <entry time="2014-08-23T18:49:45.0150296Z" id="e6d48e69-0d2e-4b9f-a7f1-635dc77b0603" type="1">
      <message>npm http GET https://registry.npmjs.org/mime/-/mime-1.2.11.tgz</message>
    </entry>
    <entry time="2014-08-23T18:49:45.0306519Z" id="4f28c0c4-0d8f-4352-bad1-193cb366886e" type="1">
      <message>npm http 200 https://registry.npmjs.org/keypress/-/keypress-0.1.0.tgz</message>
    </entry>
    <entry time="2014-08-23T18:49:45.0462772Z" id="317d43e4-7bb6-43d5-90ea-eebf5b345ae0" type="1">
      <message>npm http 200 https://registry.npmjs.org/mime/-/mime-1.2.11.tgz</message>
    </entry>
    <entry time="2014-08-23T18:49:46.6275755Z" id="466b2713-c749-494d-ae12-71cd1f0d7137" type="1">
      <message>npm http GET https://registry.npmjs.org/bytes</message>
    </entry>
    <entry time="2014-08-23T18:49:46.6588328Z" id="ed9bc74f-1d98-44f6-a70f-f879a7227985" type="1">
      <message>npm http GET https://registry.npmjs.org/batch</message>
    </entry>
    <entry time="2014-08-23T18:49:46.6744473Z" id="5bc8256f-8974-4d4b-8a6a-3c93d6937cb8" type="1">
      <message>npm http GET https://registry.npmjs.org/pause</message>
    </entry>
    <entry time="2014-08-23T18:49:46.6900801Z" id="f81dbf0f-9ca4-4dbb-9dbb-09031c015b32" type="1">
      <message>npm http GET https://registry.npmjs.org/qs</message>
    </entry>
    <entry time="2014-08-23T18:49:46.7057045Z" id="6d851c2d-5a90-4aee-adeb-a3c741bef82e" type="1">
      <message>npm http GET https://registry.npmjs.org/raw-body</message>
    </entry>
    <entry time="2014-08-23T18:49:46.7369473Z" id="589c6a3e-78b7-4d43-b803-398cfedf5452" type="1">
      <message>npm http GET https://registry.npmjs.org/negotiator</message>
    </entry>
    <entry time="2014-08-23T18:49:46.752575Z" id="83a9723a-ef10-48a8-9cd9-03a277a26d32" type="1">
      <message>npm http GET https://registry.npmjs.org/uid2</message>
    </entry>
    <entry time="2014-08-23T18:49:46.7681944Z" id="20d81b3d-e6fc-472e-a1be-7a7264a1cb6b" type="1">
      <message>npm http GET https://registry.npmjs.org/multiparty</message>
    </entry>
    <entry time="2014-08-23T18:49:46.7838195Z" id="6f0cdd04-5253-4d93-b668-8bad5328349a" type="1">
      <message>npm http 200 https://registry.npmjs.org/bytes</message>
    </entry>
    <entry time="2014-08-23T18:49:46.8150681Z" id="17f47d1e-7df6-4c26-9faa-1969455aa111" type="1">
      <message>npm http GET https://registry.npmjs.org/bytes/-/bytes-0.2.1.tgz</message>
    </entry>
    <entry time="2014-08-23T18:49:46.8306953Z" id="c0c071fc-9f5f-4c16-8e24-397799f21120" type="1">
      <message>npm http 200 https://registry.npmjs.org/raw-body</message>
    </entry>
    <entry time="2014-08-23T18:49:46.861986Z" id="09daee93-ebd6-44e0-a248-0e7e3ffa71a6" type="1">
      <message>npm http 200 https://registry.npmjs.org/qs</message>
    </entry>
    <entry time="2014-08-23T18:49:46.908835Z" id="dc7b82f7-6453-49cd-8291-6aaf4f92bd21" type="1">
      <message>npm http GET https://registry.npmjs.org/raw-body/-/raw-body-1.1.2.tgz</message>
    </entry>
    <entry time="2014-08-23T18:49:46.9400631Z" id="465e2209-9cc3-470c-9529-bd38d0659d53" type="1">
      <message>npm http 200 https://registry.npmjs.org/uid2</message>
    </entry>
    <entry time="2014-08-23T18:49:46.9556864Z" id="a0bfabbb-42fd-44d4-a87d-8c7f949516cd" type="1">
      <message>npm http GET https://registry.npmjs.org/qs/-/qs-0.6.6.tgz</message>
    </entry>
    <entry time="2014-08-23T18:49:46.9713178Z" id="afe08860-ede2-4256-9353-54896fc98b4f" type="1">
      <message>npm http GET https://registry.npmjs.org/uid2/-/uid2-0.0.3.tgz</message>
    </entry>
    <entry time="2014-08-23T18:49:46.9869438Z" id="dcc616b6-4b96-4f7f-8209-af5ce392c6cc" type="1">
      <message>npm http 200 https://registry.npmjs.org/bytes/-/bytes-0.2.1.tgz</message>
    </entry>
    <entry time="2014-08-23T18:49:47.0182306Z" id="61cba4b2-80b9-471f-86d5-04bd16b81755" type="1">
      <message>npm http 200 https://registry.npmjs.org/raw-body/-/raw-body-1.1.2.tgz</message>
    </entry>
    <entry time="2014-08-23T18:49:47.0338535Z" id="982faa28-1d1e-4fbb-94c1-602ab5642adc" type="1">
      <message>npm http 200 https://registry.npmjs.org/qs/-/qs-0.6.6.tgz</message>
    </entry>
    <entry time="2014-08-23T18:49:47.0494362Z" id="32bcc06a-1004-4450-bcbe-e62dfb134a45" type="1">
      <message>npm http 200 https://registry.npmjs.org/uid2/-/uid2-0.0.3.tgz</message>
    </entry>
    <entry time="2014-08-23T18:49:47.0650668Z" id="9459dcc4-41d1-48b6-a45c-c15d359f1890" type="1">
      <message>npm http 200 https://registry.npmjs.org/batch</message>
    </entry>
    <entry time="2014-08-23T18:49:47.0963384Z" id="3939c4f2-9e63-4fca-9560-59a3a21a5e8d" type="1">
      <message>npm http GET https://registry.npmjs.org/batch/-/batch-0.5.0.tgz</message>
    </entry>
    <entry time="2014-08-23T18:49:47.1119416Z" id="2d4f5826-c960-4028-bfae-fb33abc54f04" type="1">
      <message>npm http 200 https://registry.npmjs.org/pause</message>
    </entry>
    <entry time="2014-08-23T18:49:47.1275549Z" id="2ff6dd13-c9f4-4f1e-8190-8dac99f5e8ef" type="1">
      <message>npm http 200 https://registry.npmjs.org/negotiator</message>
    </entry>
    <entry time="2014-08-23T18:49:47.1431824Z" id="1068e1ae-520c-4a6a-bb32-12dcbc2ee824" type="1">
      <message>npm http GET https://registry.npmjs.org/pause/-/pause-0.0.1.tgz</message>
    </entry>
    <entry time="2014-08-23T18:49:47.1744394Z" id="efa908ba-549a-46f1-b74e-575e8a3aaa8f" type="1">
      <message>npm http GET https://registry.npmjs.org/negotiator/-/negotiator-0.3.0.tgz</message>
    </entry>
    <entry time="2014-08-23T18:49:47.1900539Z" id="04a83a13-1682-4b58-afbb-c20260a736ce" type="1">
      <message>npm http 200 https://registry.npmjs.org/batch/-/batch-0.5.0.tgz</message>
    </entry>
    <entry time="2014-08-23T18:49:47.2056838Z" id="b4644ea9-3e9d-4936-ae3c-2dfb8d909ff9" type="1">
      <message>npm http 200 https://registry.npmjs.org/pause/-/pause-0.0.1.tgz</message>
    </entry>
    <entry time="2014-08-23T18:49:47.2213032Z" id="29608827-4df0-435c-9217-fbb9ad0a4b83" type="1">
      <message>npm http 200 https://registry.npmjs.org/negotiator/-/negotiator-0.3.0.tgz</message>
    </entry>
    <entry time="2014-08-23T18:49:47.2525675Z" id="a888e403-1b95-4a10-8a4b-1234d33b665c" type="1">
      <message>npm http 200 https://registry.npmjs.org/multiparty</message>
    </entry>
    <entry time="2014-08-23T18:49:47.2692199Z" id="af422634-61ee-4d7e-acd4-d4e0927f31aa" type="1">
      <message>npm http GET https://registry.npmjs.org/multiparty/-/multiparty-2.2.0.tgz</message>
    </entry>
    <entry time="2014-08-23T18:49:47.3161121Z" id="2b455933-e5fa-4e90-b6ab-fd957cfa8272" type="1">
      <message>npm http 200 https://registry.npmjs.org/multiparty/-/multiparty-2.2.0.tgz</message>
    </entry>
    <entry time="2014-08-23T18:49:53.9608971Z" id="b05f2a0e-2d49-4490-97c0-705b7cb7323d" type="1">
      <message>npm http GET https://registry.npmjs.org/readable-stream</message>
    </entry>
    <entry time="2014-08-23T18:49:53.9921025Z" id="1cb42673-e62b-460d-b467-00f4eab31a3d" type="1">
      <message>npm http GET https://registry.npmjs.org/stream-counter</message>
    </entry>
    <entry time="2014-08-23T18:49:54.0545981Z" id="6160c9b4-1d39-4e3f-ab81-875820cbae46" type="1">
      <message>npm http 200 https://registry.npmjs.org/readable-stream</message>
    </entry>
    <entry time="2014-08-23T18:49:54.0702684Z" id="bae14f32-7172-4a2d-bd15-849349edfa37" type="1">
      <message>npm http GET https://registry.npmjs.org/readable-stream/-/readable-stream-1.1.13.tgz</message>
    </entry>
    <entry time="2014-08-23T18:49:54.1171411Z" id="628a144d-98e0-455a-ac1f-51397707b66c" type="1">
      <message>npm http 200 https://registry.npmjs.org/readable-stream/-/readable-stream-1.1.13.tgz</message>
    </entry>
    <entry time="2014-08-23T18:49:54.3671289Z" id="1b423f79-98a2-4c0c-914b-0f7705cf9ba0" type="1">
      <message>npm http 200 https://registry.npmjs.org/stream-counter</message>
    </entry>
    <entry time="2014-08-23T18:49:54.3983457Z" id="69be31db-7bf9-41ae-b1c5-d4dafa13b92b" type="1">
      <message>npm http GET https://registry.npmjs.org/stream-counter/-/stream-counter-0.2.0.tgz</message>
    </entry>
    <entry time="2014-08-23T18:49:54.4452514Z" id="d05608b7-d5d2-40cb-b3b1-d4e56704f546" type="1">
      <message>npm http 200 https://registry.npmjs.org/stream-counter/-/stream-counter-0.2.0.tgz</message>
    </entry>
    <entry time="2014-08-23T18:49:54.8528947Z" id="c5d963e0-ac83-420a-8790-86ad3b5b8862" type="1">
      <message>npm http GET https://registry.npmjs.org/core-util-is</message>
    </entry>
    <entry time="2014-08-23T18:49:54.8841444Z" id="99ad7cbe-aebe-43c4-8b42-dcc136e1b962" type="1">
      <message>npm http GET https://registry.npmjs.org/isarray</message>
    </entry>
    <entry time="2014-08-23T18:49:54.8997369Z" id="6b48ca25-cb33-451a-bd49-aff1e60faaf3" type="1">
      <message>npm http GET https://registry.npmjs.org/string_decoder</message>
    </entry>
    <entry time="2014-08-23T18:49:54.9159818Z" id="7b716106-a7a9-4cd8-8924-5e03835071e8" type="1">
      <message>npm http GET https://registry.npmjs.org/inherits</message>
    </entry>
    <entry time="2014-08-23T18:49:54.9466022Z" id="9d1e5be0-d9e9-478e-a793-67cacc84210d" type="1">
      <message>npm http 200 https://registry.npmjs.org/string_decoder</message>
    </entry>
    <entry time="2014-08-23T18:49:54.9622226Z" id="342bc691-4711-460b-8e5e-95a632a5de44" type="1">
      <message>npm http 200 https://registry.npmjs.org/isarray</message>
    </entry>
    <entry time="2014-08-23T18:49:54.9778453Z" id="9aca7f7a-f101-4322-bcd5-f7e97cf54d6d" type="1">
      <message>npm http 200 https://registry.npmjs.org/inherits</message>
    </entry>
    <entry time="2014-08-23T18:49:55.0091014Z" id="03165e6e-6a5e-4d97-a2bd-8ee44c4c6f2d" type="1">
      <message>npm http GET https://registry.npmjs.org/isarray/-/isarray-0.0.1.tgz</message>
    </entry>
    <entry time="2014-08-23T18:49:55.0559672Z" id="f69071a8-3560-4896-8a36-b6705c832bb6" type="1">
      <message>npm http 200 https://registry.npmjs.org/core-util-is</message>
    </entry>
    <entry time="2014-08-23T18:49:55.102841Z" id="2876b5f1-24e0-41a9-82e6-0bd892cb1d78" type="1">
      <message>npm http GET https://registry.npmjs.org/string_decoder/-/string_decoder-0.10.31.tgz</message>
    </entry>
    <entry time="2014-08-23T18:49:55.1184647Z" id="11a90db6-5fb7-4730-9d4a-5fa7bbdba66b" type="1">
      <message>npm http GET https://registry.npmjs.org/inherits/-/inherits-2.0.1.tgz</message>
    </entry>
    <entry time="2014-08-23T18:49:55.1497131Z" id="ec4f7159-08be-4bb0-a468-b8769ffb6842" type="1">
      <message>npm http GET https://registry.npmjs.org/core-util-is/-/core-util-is-1.0.1.tgz</message>
    </entry>
    <entry time="2014-08-23T18:49:55.1810056Z" id="8519d673-6087-4f46-ab29-b7471ce295ee" type="1">
      <message>npm http 200 https://registry.npmjs.org/isarray/-/isarray-0.0.1.tgz</message>
    </entry>
    <entry time="2014-08-23T18:49:55.2122163Z" id="e363b60a-3805-48d0-8b65-7561b65a49cf" type="1">
      <message>npm http 200 https://registry.npmjs.org/string_decoder/-/string_decoder-0.10.31.tgz</message>
    </entry>
    <entry time="2014-08-23T18:49:55.2278368Z" id="1a016e17-e82b-4ee5-8641-48e167e3b55b" type="1">
      <message>npm http 200 https://registry.npmjs.org/inherits/-/inherits-2.0.1.tgz</message>
    </entry>
    <entry time="2014-08-23T18:49:55.2590997Z" id="b6f4cdc8-17de-4164-b32f-b55519571a4d" type="1">
      <message>npm http 200 https://registry.npmjs.org/core-util-is/-/core-util-is-1.0.1.tgz</message>
    </entry>
    <entry time="2014-08-23T18:49:55.4465843Z" id="46592d2f-5a12-4b1d-b7e3-291923ea97f3" type="1">
      <message>npm WARN prefer global grunt-cli@0.1.13 should be installed with -g</message>
    </entry>
    <entry time="2014-08-23T18:49:59.0268679Z" id="371c6e4a-8e4e-4957-a836-e77204348148" type="0">
      <message>express@3.4.8 node_modules\express</message>
    </entry>
    <entry time="2014-08-23T18:49:59.0581461Z" id="6e332877-367f-4071-a367-92fa11c0b6f2" type="0">
      <message>├── methods@0.1.0</message>
    </entry>
    <entry time="2014-08-23T18:49:59.0737481Z" id="a2f636bb-8230-49c7-868f-3b0b6f15aca6" type="0">
      <message>├── merge-descriptors@0.0.1</message>
    </entry>
    <entry time="2014-08-23T18:49:59.0893526Z" id="6cd3a539-a918-4497-9dbd-e2fe0acb0914" type="0">
      <message>├── range-parser@0.0.4</message>
    </entry>
    <entry time="2014-08-23T18:49:59.1205988Z" id="76935106-9da4-4db8-b2f0-6683e96a8eb7" type="0">
      <message>├── cookie-signature@1.0.1</message>
    </entry>
    <entry time="2014-08-23T18:49:59.1362281Z" id="dc548f18-abd5-4e82-84ee-b15935c7d527" type="0">
      <message>├── fresh@0.2.0</message>
    </entry>
    <entry time="2014-08-23T18:49:59.1831393Z" id="8052f33c-f91b-42cd-816c-76b2ac1488bd" type="0">
      <message>├── buffer-crc32@0.2.1</message>
    </entry>
    <entry time="2014-08-23T18:49:59.2143631Z" id="002cae33-68f2-4d06-b0eb-57aa88c8c5bc" type="0">
      <message>├── cookie@0.1.0</message>
    </entry>
    <entry time="2014-08-23T18:49:59.2299766Z" id="1fa1217d-7976-4ca9-b480-0c1db88288e7" type="0">
      <message>├── mkdirp@0.3.5</message>
    </entry>
    <entry time="2014-08-23T18:49:59.2456017Z" id="1f85c929-5c58-40db-8c05-90d34e7bce72" type="0">
      <message>├── commander@1.3.2 (keypress@0.1.0)</message>
    </entry>
    <entry time="2014-08-23T18:49:59.2768502Z" id="19d1a291-ac2b-4415-b5fa-8eff5f2f4687" type="0">
      <message>├── send@0.1.4 (mime@1.2.11)</message>
    </entry>
    <entry time="2014-08-23T18:49:59.2924733Z" id="ce3cb846-83ce-470b-9e1f-4271dc7014a9" type="0">
      <message>└── connect@2.12.0 (uid2@0.0.3, pause@0.0.1, qs@0.6.6, raw-body@1.1.2, bytes@0.2.1, batch@0.5.0, negotiator@0.3.0, multiparty@2.2.0)</message>
    </entry>
    <entry time="2014-08-23T18:49:59.3237176Z" id="8d2cc92a-ba6e-4377-a829-ca361d62abf1" type="0">
      <message>Finished successfully.</message>
    </entry>
  </entry>
  <entry time="2014-08-23T18:49:59.3862121Z" id="651aad41-eafd-4617-99e7-66712fa8e074" type="0">
    <message>Deployment successful.</message>
  </entry>
</entries>