﻿<?xml version="1.0" encoding="utf-8"?>
<deployment>
  <id>51772e9b7b2d99b4d8f16dfef851672e31916302</id>
  <author>Jamie Dixon</author>
  <deployer>GitHub</deployer>
  <authorEmail>jamie@jamie-dixon.co.uk</authorEmail>
  <message>Added node modules</message>
  <progress></progress>
  <status>Success</status>
  <statusText></statusText>
  <lastSuccessEndTime>2014-08-23T18:49:59.4330929Z</lastSuccessEndTime>
  <receivedTime>2014-08-23T18:49:09.2218478Z</receivedTime>
  <startTime>2014-08-23T18:49:09.3780472Z</startTime>
  <endTime>2014-08-23T18:49:59.4330929Z</endTime>
  <complete>True</complete>
  <is_temp>False</is_temp>
  <is_readonly>False</is_readonly>
</deployment>