﻿<?xml version="1.0" encoding="utf-8"?>
<entries>
  <entry time="2014-08-23T18:30:35.2844245Z" id="bf5ab070-3184-4d50-935e-de924a7ec389" type="0">
    <message>Updating submodules.</message>
  </entry>
  <entry time="2014-08-23T18:30:35.3312582Z" id="35df4a87-b6a0-4bed-b589-4ec7dceb4431" type="0">
    <message>Preparing deployment for commit id '2cb6f2d502'.</message>
  </entry>
  <entry time="2014-08-23T18:30:35.6125109Z" id="ab2de88f-cc10-4566-a089-904a8d8f062e" type="0">
    <message>Generating deployment script.</message>
    <entry time="2014-08-23T18:30:35.643738Z" id="bfcd5636-26cf-41a2-a733-cc28fa90a923" type="0">
      <message>Using cached version of deployment script (command: 'azure -y --no-dot-deployment -r "D:\home\site\repository" -o "D:\home\site\deployments\tools" --node --sitePath "D:\home\site\repository\src\api"').</message>
    </entry>
  </entry>
  <entry time="2014-08-23T18:30:35.7062356Z" id="473531ed-fa26-49c5-866b-b6919b60a9ec" type="1">
    <message>Running deployment command...</message>
    <entry time="2014-08-23T18:30:35.72186Z" id="e2e17852-02fc-402f-82fa-e493b6d26351" type="0">
      <message>Command: "D:\home\site\deployments\tools\deploy.cmd"</message>
    </entry>
    <entry time="2014-08-23T18:30:36.1593521Z" id="88facc76-a4cc-4113-a388-0e5c87947eaa" type="0">
      <message>Handling node.js deployment.</message>
    </entry>
    <entry time="2014-08-23T18:30:36.3780876Z" id="5ef802c0-68c5-44a9-b2e5-46ddeb1af02e" type="0">
      <message>KuduSync.NET from: 'D:\home\site\repository\src\api' to: 'D:\home\site\wwwroot'</message>
    </entry>
    <entry time="2014-08-23T18:30:36.3937097Z" id="1f030908-07bd-44cb-b9d5-c5628bfaee7a" type="0">
      <message>Copying file: 'server.js'</message>
    </entry>
    <entry time="2014-08-23T18:30:36.5187126Z" id="6d50dfc6-9b4f-48af-a986-69abba144eb7" type="0">
      <message>Using start-up script bin/www from package.json.</message>
    </entry>
    <entry time="2014-08-23T18:30:36.5343286Z" id="4c7e0cf4-2299-412f-8a42-4d4f88ade442" type="0">
      <message>Generated web.config.</message>
    </entry>
    <entry time="2014-08-23T18:30:36.5499575Z" id="e53f8fa4-6370-42c7-b2ae-9a0e5b869ba3" type="0">
      <message>The package.json file does not specify node.js engine version constraints.</message>
    </entry>
    <entry time="2014-08-23T18:30:36.565586Z" id="b288ef24-a1dc-408b-8d9d-abe0b7a54553" type="0">
      <message>The node.js application will run with the default node.js version 0.10.29.</message>
    </entry>
    <entry time="2014-08-23T18:30:37.5967881Z" id="e1b77b46-8d6a-4196-bf5d-f4340fb09dc3" type="1">
      <message>npm WARN prefer global grunt-cli@0.1.13 should be installed with -g</message>
    </entry>
    <entry time="2014-08-23T18:30:41.2402507Z" id="eda36425-3a7d-409e-b756-3be22ae383e8" type="0">
      <message>Finished successfully.</message>
    </entry>
  </entry>
  <entry time="2014-08-23T18:30:41.3027407Z" id="a9c99568-dd33-4845-9c51-3ae99057d54f" type="0">
    <message>Deployment successful.</message>
  </entry>
</entries>